id,component_id,component_name,component_type,category,geometry_type,is_corner_component,leg_length,corner_depth_wall,corner_depth_base,rotation_center_x,rotation_center_y,rotation_center_z,has_direction,auto_rotate_enabled,wall_rotation_left,wall_rotation_right,wall_rotation_top,wall_rotation_bottom,corner_rotation_front_left,corner_rotation_front_right,corner_rotation_back_left,corner_rotation_back_right,default_width,default_height,default_depth,description,created_at,updated_at,created_by
00532189-1f15-4a64-a709-6e4c8a1f5a94,sink-80,Sink 80cm,sink,sinks,standard,false,,,,,,,true,true,90,270,0,180,,,,,0.8000,0.2000,0.5000,Double bowl sink 80cm,2025-10-08 16:17:02.441798+00,2025-10-08 16:17:02.441798+00,
00eae6e3-db91-499a-be77-5e486cd3ceac,dishwasher-60,Dishwasher 60cm,appliance,appliances,standard,false,,,,,,,true,true,90,270,0,180,,,,,0.6000,0.8500,0.6000,Integrated dishwasher 60cm,2025-10-08 16:16:19.97502+00,2025-10-08 16:16:19.97502+00,
011f5272-69b3-4e8a-8990-aea9ddc922c7,pan-drawers-30,Pan Drawers 30cm,drawer-unit,cabinets,standard,false,,,,,,,true,true,90,270,0,180,,,,,0.3000,0.9000,0.6000,Narrow 30cm pan drawer unit,2025-10-08 16:21:41.621901+00,2025-10-08 16:21:41.621901+00,
03846780-e5ea-4d9e-8b30-c9400090f7d0,wardrobe-sliding-180,Wardrobe Sliding 180cm,wardrobe,bedroom-storage,standard,false,,,,,,,true,true,90,270,0,180,,,,,1.8000,2.0000,0.6000,Sliding door wardrobe 180cm,2025-10-08 16:50:15.91125+00,2025-10-08 16:50:15.91125+00,
03eb0f79-0551-419a-9f91-9d384636cabc,dining-table-round-120,Dining Table Round 120cm,table,dining-room-furniture,standard,false,,,,,,,false,false,0,0,0,0,,,,,1.2000,0.7500,1.2000,Round dining table for 6,2025-10-08 16:52:38.215415+00,2025-10-08 16:52:38.215415+00,
05ed4077-1175-4680-b6b4-5899e967f400,ottoman-storage-80,Ottoman Storage 80cm,seating,bedroom-furniture,standard,false,,,,,,,true,true,90,270,0,180,,,,,0.8000,0.5000,0.6000,Storage ottoman,2025-10-08 16:50:52.815401+00,2025-10-08 16:50:52.815401+00,
06749961-09a3-4e73-bee0-6e9adcc535d5,dining-table-round-110,Dining Table Round 110cm,table,dining-room-furniture,standard,false,,,,,,,false,false,0,0,0,0,,,,,1.1000,0.7500,1.1000,Round dining table for 4,2025-10-08 16:52:38.215415+00,2025-10-08 16:52:38.215415+00,
0733d7f4-78d1-46a2-a638-92ed940bd0f7,wall-cabinet-50,Wall Cabinet 50cm,wall-cabinet,cabinets,standard,false,,,,,,,true,true,90,270,0,180,,,,,0.5000,0.6000,0.4000,Medium 50cm wall cabinet,2025-10-08 16:07:57.673274+00,2025-10-08 16:07:57.673274+00,
077ab6ff-f62b-4a7d-83bf-87abfd36ab49,bedroom-bench-120,Bedroom Bench 120cm,seating,bedroom-furniture,standard,false,,,,,,,true,true,90,270,0,180,,,,,1.2000,0.4500,0.4000,End of bed bench,2025-10-08 16:50:52.815401+00,2025-10-08 16:50:52.815401+00,
0a59adb6-1f10-498e-804b-9dd14935f578,cornice-120,Cornice 120cm,cornice,finishing,standard,false,,,,,,,true,true,90,270,0,180,,,,,1.2000,0.1000,0.1000,Decorative cornice 120cm,2025-10-08 16:21:59.376939+00,2025-10-08 16:21:59.376939+00,
0aa75ba7-6a09-4774-9972-37c80ebde638,window-single-100,Window Single 100cm,window,windows,standard,false,,,,,,,true,true,90,270,0,180,,,,,1.0000,1.2000,0.1200,Single pane window 100cm,2025-10-08 16:53:07.709429+00,2025-10-08 16:53:07.709429+00,
0d0bc972-4fbb-465d-8189-5671631d717c,utility-worktop-120,Worktop 120cm,counter-top,utility-fixtures,standard,false,,,,,,,true,true,90,270,0,180,,,,,1.2000,0.9000,0.6000,Utility worktop 120cm,2025-10-08 16:52:53.546878+00,2025-10-08 16:52:53.546878+00,
0e669224-8fff-44ce-a4b7-b7d65dc371b8,counter-top-120,Counter-top 120cm,counter-top,worktops,standard,false,,,,,,,true,true,90,270,0,180,,,,,1.2000,0.0400,0.6000,Counter-top 120cm,2025-10-08 16:17:02.441798+00,2025-10-08 16:17:02.441798+00,
0f4e7a93-13e8-4c11-9c86-0cc9043649a6,pan-drawers-100,Pan Drawers 100cm,drawer-unit,cabinets,standard,false,,,,,,,true,true,90,270,0,180,,,,,1.0000,0.9000,0.6000,Extra wide 100cm pan drawer unit,2025-10-08 16:21:41.621901+00,2025-10-08 16:21:41.621901+00,
11117939-d277-492b-90b3-2288dd55f7ec,pelmet-60,Pelmet 60cm,pelmet,finishing,standard,false,,,,,,,true,true,90,270,0,180,,,,,0.6000,0.1000,0.1000,Decorative pelmet 60cm,2025-10-08 16:21:59.376939+00,2025-10-08 16:21:59.376939+00,
126b9469-5bf8-43fc-9974-cf49f27f3323,window-single-80,Window Single 80cm,window,windows,standard,false,,,,,,,true,true,90,270,0,180,,,,,0.8000,1.2000,0.1200,Single pane window 80cm,2025-10-08 16:53:07.709429+00,2025-10-08 16:53:07.709429+00,
138cf90c-ba72-450e-a50e-f39da21ca44d,washing-machine,Washing Machine,washing-machine,utility,standard,false,,,,,,,true,true,90,270,0,180,,,,,0.6000,0.8500,0.6000,"Front-load washing machine with round door, drum, and LCD display",2025-10-08 20:13:51.848363+00,2025-10-08 20:13:51.848363+00,
14c10086-d77a-4bc6-93d3-c270e882af37,door-sliding-double-160,Sliding Door Double 160cm,door,doors-internal,standard,false,,,,,,,true,true,90,270,0,180,,,,,1.6000,2.0000,0.0500,Double sliding door,2025-10-08 16:53:07.709429+00,2025-10-08 16:53:07.709429+00,
15e34016-91ff-4c63-9adb-de938fbf7361,door-double-120,Double Door 120cm,door,doors-internal,standard,false,,,,,,,true,true,90,270,0,180,,,,,1.2000,2.0000,0.0500,Internal double door 120cm,2025-10-08 16:53:07.709429+00,2025-10-08 16:53:07.709429+00,
174f8a6b-fae8-413e-a055-87109620249c,cornice-100,Cornice 100cm,cornice,finishing,standard,false,,,,,,,true,true,90,270,0,180,,,,,1.0000,0.1000,0.1000,Decorative cornice 100cm,2025-10-08 16:21:59.376939+00,2025-10-08 16:21:59.376939+00,
18247c33-96d5-4d20-98f0-2aa1c16652b9,dressing-table-120,Dressing Table 120cm,dressing-table,bedroom-storage,standard,false,,,,,,,true,true,90,270,0,180,,,,,1.2000,0.7500,0.5000,Dressing table with mirror,2025-10-08 16:50:15.91125+00,2025-10-08 16:50:15.91125+00,
18278cf6-34b4-4a8a-aced-b5d959fcdc71,utility-base-80,Base Cabinet Utility 80cm,base-cabinet,utility-storage,standard,false,,,,,,,true,true,90,270,0,180,,,,,0.8000,0.9000,0.6000,Utility base cabinet 80cm,2025-10-08 16:52:53.546878+00,2025-10-08 16:52:53.546878+00,
18580343-4f31-47a1-af98-234c64f46926,bookshelf-100,Bookshelf 100cm,bookshelf,living-room-storage,standard,false,,,,,,,true,true,90,270,0,180,,,,,1.0000,2.0000,0.3500,Tall bookshelf 100cm,2025-10-08 16:51:41.19204+00,2025-10-08 16:51:41.19204+00,
185af074-b459-46f7-bc85-39f4d9a5ec5d,shower-enclosure-90,Shower Enclosure 90cm,shower,bathroom-fixtures,standard,false,,,,,,,true,true,90,270,0,180,,,,,0.9000,2.0000,0.9000,Glass shower enclosure,2025-10-08 16:51:11.543287+00,2025-10-08 16:51:11.543287+00,
1eb6b402-b4f9-4220-9157-6708810efa67,ottoman-60,Ottoman 60cm,seating,bedroom-furniture,standard,false,,,,,,,true,true,90,270,0,180,,,,,0.6000,0.4500,0.6000,Upholstered ottoman,2025-10-08 16:50:52.815401+00,2025-10-08 16:50:52.815401+00,
203e2f91-047f-4c1d-8374-952625516f22,bathtub-170,Bathtub 170cm,bathtub,bathroom-fixtures,standard,false,,,,,,,true,true,90,270,0,180,,,,,1.7000,0.5500,0.7500,Standard bathtub,2025-10-08 16:51:11.543287+00,2025-10-08 16:51:11.543287+00,
22848d1e-3468-46fe-95e4-fe129380a07d,pedestal-3drawer,Pedestal 3-Drawer,cabinet,office-storage,standard,false,,,,,,,true,true,90,270,0,180,,,,,0.4000,0.6000,0.5000,Under-desk pedestal with 3 drawers,2025-10-08 16:52:06.676597+00,2025-10-08 16:52:06.676597+00,
229fe763-0333-4310-a832-134e72d17095,desk-120,Desk 120cm,desk,office-furniture,standard,false,,,,,,,true,true,90,270,0,180,,,,,1.2000,0.7500,0.7000,Office desk 120cm,2025-10-08 16:52:06.676597+00,2025-10-08 16:52:06.676597+00,
233fc002-1ea4-4d6b-bc98-08491905c3bd,wardrobe-4door-200,Wardrobe 4-Door 200cm,wardrobe,bedroom-storage,standard,false,,,,,,,true,true,90,270,0,180,,,,,2.0000,2.0000,0.6000,Four door wardrobe 200cm,2025-10-08 16:50:15.91125+00,2025-10-08 16:50:15.91125+00,
2341fffb-f12b-483e-b879-ad828907853a,dining-bench-140,Dining Bench 140cm,seating,dining-room-furniture,standard,false,,,,,,,true,true,90,270,0,180,,,,,1.4000,0.4500,0.4000,Dining bench 140cm,2025-10-08 16:52:38.215415+00,2025-10-08 16:52:38.215415+00,
2572fce1-aec7-4381-a448-8bb739e45557,display-cabinet-dining-100,Display Cabinet 100cm,cabinet,dining-room-storage,standard,false,,,,,,,true,true,90,270,0,180,,,,,1.0000,1.9000,0.4500,Tall glass-front display cabinet,2025-10-08 16:52:38.215415+00,2025-10-08 16:52:38.215415+00,
275d47ea-6d8f-42d0-9270-c895bac3edc7,bathroom-cabinet-40,Bathroom Cabinet 40cm,cabinet,bathroom-storage,standard,false,,,,,,,true,true,90,270,0,180,,,,,0.4000,0.6000,0.3000,Wall-mounted bathroom cabinet,2025-10-08 16:51:11.543287+00,2025-10-08 16:51:11.543287+00,
28b5b220-dc59-4aa6-83e6-736b14a39923,desk-160,Desk 160cm,desk,office-furniture,standard,false,,,,,,,true,true,90,270,0,180,,,,,1.6000,0.7500,0.7000,Office desk 160cm,2025-10-08 16:52:06.676597+00,2025-10-08 16:52:06.676597+00,
28d22c1a-93ce-4fe4-9352-c99fb1a3d735,sofa-3seater-200,Sofa 3-Seater 200cm,sofa,living-room-furniture,standard,false,,,,,,,true,true,90,270,0,180,,,,,2.0000,0.8000,0.9000,Three-seater sofa,2025-10-08 16:51:41.19204+00,2025-10-08 16:51:41.19204+00,
2b1b4fc5-b124-4a34-96b4-677451e5076e,kitchen-sink-granite-80,Kitchen Sink Granite 80cm,sink,sinks,standard,false,,,,,,,true,true,90,270,0,180,,,,,0.8000,0.2000,0.5000,Black granite composite sink 80cm,2025-10-08 17:10:09.489775+00,2025-10-08 17:10:09.489775+00,
2b2a4523-6cda-4b4e-85f2-1173d0d2f7d2,island-unit-100,Island Unit 100cm,cabinet,dressing-room-storage,standard,false,,,,,,,false,false,0,0,0,0,,,,,1.0000,0.9000,0.6000,Large freestanding island unit,2025-10-08 16:52:17.357255+00,2025-10-08 16:52:17.357255+00,
2c975132-b4a1-4294-a2f1-c71b1c939066,door-sliding-single-80,Sliding Door Single 80cm,door,doors-internal,standard,false,,,,,,,true,true,90,270,0,180,,,,,0.8000,2.0000,0.0500,Single sliding door,2025-10-08 16:53:07.709429+00,2025-10-08 16:53:07.709429+00,
2da88d6d-cd70-40a0-8c06-4c11fa99fda8,kitchen-sink-corner-90,Kitchen Sink Corner 90cm,sink,sinks,l_shaped_corner,true,0.9000,0.5000,0.6000,legLength/2,0,legLength/2,true,true,90,270,0,180,0,270,90,180,0.9000,0.2000,0.5000,L-shaped corner sink 90cm,2025-10-08 17:10:09.489775+00,2025-10-08 17:10:09.489775+00,
2e1ccd04-2c84-42fa-a4a7-e8decbae2963,butler-sink-80,Butler Sink 80cm,sink,sinks,standard,false,,,,,,,true,true,90,270,0,180,,,,,0.8000,0.2500,0.5000,White ceramic butler sink 80cm,2025-10-08 17:10:09.489775+00,2025-10-08 17:10:09.489775+00,
2fb93674-6a19-487e-afcb-cef752835f49,dining-chair-upholstered,Dining Chair Upholstered,seating,dining-room-furniture,standard,false,,,,,,,true,true,90,270,0,180,,,,,0.5000,0.9500,0.5500,Upholstered dining chair,2025-10-08 16:52:38.215415+00,2025-10-08 16:52:38.215415+00,
30a1d0cc-8c19-41e0-9f2d-305321429836,counter-top-100,Counter-top 100cm,counter-top,worktops,standard,false,,,,,,,true,true,90,270,0,180,,,,,1.0000,0.0400,0.6000,Counter-top 100cm,2025-10-08 16:17:02.441798+00,2025-10-08 16:17:02.441798+00,
31aad16f-6742-437c-a580-3622b62b16fd,sideboard-dining-140,Sideboard 140cm,sideboard,dining-room-storage,standard,false,,,,,,,true,true,90,270,0,180,,,,,1.4000,0.8500,0.4500,Dining room sideboard 140cm,2025-10-08 16:52:38.215415+00,2025-10-08 16:52:38.215415+00,
32cb2cfc-c34e-4c65-be33-70e977ff9b0b,bookshelf-office-100,Bookshelf Office 100cm,bookshelf,office-storage,standard,false,,,,,,,true,true,90,270,0,180,,,,,1.0000,2.0000,0.3500,Office bookshelf 100cm,2025-10-08 16:52:06.676597+00,2025-10-08 16:52:06.676597+00,
330bdaf0-cd6c-406f-bf64-365483ac96f1,kitchen-sink-draining-board-100,Kitchen Sink Draining Board 100cm,sink,sinks,standard,false,,,,,,,true,true,90,270,0,180,,,,,1.0000,0.2000,0.5000,Kitchen sink with draining board 100cm,2025-10-08 17:10:09.489775+00,2025-10-08 17:10:09.489775+00,
34555b19-d1de-4afc-8cc0-b4763a45adad,superking-bed-180,Super King Bed 180cm,bed,bedroom-furniture,standard,false,,,,,,,true,true,90,270,0,180,,,,,1.8000,0.5000,2.0000,Super king bed 180cm wide,2025-10-08 16:50:52.815401+00,2025-10-08 16:50:52.815401+00,
38bcc725-42f6-40d4-a7c9-26e508488524,vanity-100,Vanity 100cm,vanity,bathroom-vanities,standard,false,,,,,,,true,true,90,270,0,180,,,,,1.0000,0.8500,0.5000,Bathroom vanity 100cm,2025-10-08 16:51:11.543287+00,2025-10-08 16:51:11.543287+00,
3bbaffbe-61c9-4100-ab07-141857341a66,vanity-60,Vanity 60cm,vanity,bathroom-vanities,standard,false,,,,,,,true,true,90,270,0,180,,,,,0.6000,0.8500,0.5000,Bathroom vanity 60cm,2025-10-08 16:51:11.543287+00,2025-10-08 16:51:11.543287+00,
3e1e02bc-f1dc-4099-8563-127df6cd50f3,utility-wall-80,Wall Cabinet Utility 80cm,wall-cabinet,utility-storage,standard,false,,,,,,,true,true,90,270,0,180,,,,,0.8000,0.6000,0.4000,Utility wall cabinet 80cm,2025-10-08 16:52:53.546878+00,2025-10-08 16:52:53.546878+00,
3f45d4d6-efe9-43ab-b114-ca3c39f2f1ae,counter-top-80,Counter-top 80cm,counter-top,worktops,standard,false,,,,,,,true,true,90,270,0,180,,,,,0.8000,0.0400,0.6000,Counter-top 80cm,2025-10-08 16:17:02.441798+00,2025-10-08 16:17:02.441798+00,
3fc2f0c1-75a5-4ea3-bb9f-e9f64b5ea443,sink-100,Sink 100cm,sink,sinks,standard,false,,,,,,,true,true,90,270,0,180,,,,,1.0000,0.2000,0.5000,Large double bowl sink 100cm,2025-10-08 16:17:02.441798+00,2025-10-08 16:17:02.441798+00,
3ff7c696-6065-470b-9911-08f56f31e8a6,bedside-table-50,Bedside Table 50cm,bedside,bedroom-storage,standard,false,,,,,,,true,true,90,270,0,180,,,,,0.5000,0.5000,0.5000,Standard bedside table,2025-10-08 16:50:15.91125+00,2025-10-08 16:50:15.91125+00,
40a9b4a4-3446-45e2-a064-20563fd65872,butler-sink-draining-board-80,Butler Sink Draining Board 80cm,sink,sinks,standard,false,,,,,,,true,true,90,270,0,180,,,,,0.8000,0.2500,0.5000,Butler sink with draining board 80cm,2025-10-08 17:10:09.489775+00,2025-10-08 17:10:09.489775+00,
41a54846-e1a6-461c-8cb5-ad65c06c7b33,kitchen-sink-quartz-80,Kitchen Sink Quartz 80cm,sink,sinks,standard,false,,,,,,,true,true,90,270,0,180,,,,,0.8000,0.2000,0.5000,White quartz composite sink 80cm,2025-10-08 17:10:09.489775+00,2025-10-08 17:10:09.489775+00,
43b45e50-439e-4647-b320-7b0d2d51d311,dining-chair,Dining Chair,chair,dining-room,standard,false,,,,,,,true,true,90,270,0,180,,,,,0.5000,0.9000,0.5000,"Dining chair with seat, back, and 4 legs",2025-10-08 20:13:16.422946+00,2025-10-08 20:13:16.422946+00,
48071a77-2b2c-4f6a-944f-728720ac1bc6,tall-unit-80,Tall Unit 80cm,tall-unit,cabinets,standard,false,,,,,,,true,true,90,270,0,180,,,,,0.8000,2.0000,0.6000,Full height 80cm larder unit,2025-10-08 16:16:19.97502+00,2025-10-08 16:16:19.97502+00,
4ae82ee6-9f21-4b0d-a266-ffbf712213a7,larder-oven-microwave,Larder Oven + Microwave,appliance,appliances,standard,false,,,,,,,true,true,90,270,0,180,,,,,0.6000,2.0000,0.6000,Tall larder unit with oven and microwave,2025-10-08 17:10:22.990597+00,2025-10-08 17:10:22.990597+00,
4b99b13e-ac15-4f0c-a515-4b57cfc28fd7,dressing-stool,Dressing Stool,seating,dressing-room-furniture,standard,false,,,,,,,true,true,90,270,0,180,,,,,0.4000,0.4500,0.3500,Compact dressing stool,2025-10-08 16:52:17.357255+00,2025-10-08 16:52:17.357255+00,
4d6a40bc-b781-414b-9aad-ac5cc3077cbb,pan-drawers-50,Pan Drawers 50cm,drawer-unit,cabinets,standard,false,,,,,,,true,true,90,270,0,180,,,,,0.5000,0.9000,0.6000,Medium 50cm pan drawer unit,2025-10-08 16:21:41.621901+00,2025-10-08 16:21:41.621901+00,
4e51050f-bcc9-40d9-9d76-8bd927f038d9,window-bay-240,Window Bay 240cm,window,windows,standard,false,,,,,,,true,true,90,270,0,180,,,,,2.4000,1.5000,0.6000,Bay window with angled sides,2025-10-08 16:53:07.709429+00,2025-10-08 16:53:07.709429+00,
507c86e2-b641-420b-baf5-a11afd594b69,double-bed-140,Double Bed 140cm,bed,bedroom-furniture,standard,false,,,,,,,true,true,90,270,0,180,,,,,1.4000,0.5000,2.0000,Double bed 140cm wide,2025-10-08 16:50:52.815401+00,2025-10-08 16:50:52.815401+00,
520dc8d6-d9a7-4009-b755-761634410954,base-cabinet-50,Base Cabinet 50cm,base-cabinet,cabinets,standard,false,,,,,,,true,true,90,270,0,180,,,,,0.5000,0.9000,0.6000,Medium 50cm base cabinet,2025-10-08 15:51:04.652333+00,2025-10-08 15:51:04.652333+00,
540faede-366d-4fa2-b169-97fec6766db4,wall-cabinet-80,Wall Cabinet 80cm,wall-cabinet,cabinets,standard,false,,,,,,,true,true,90,270,0,180,,,,,0.8000,0.6000,0.4000,Wide 80cm wall cabinet,2025-10-08 16:07:57.673274+00,2025-10-08 16:07:57.673274+00,
58008eb6-1f8e-4b96-a083-68a9221ed984,vanity-double-120,Vanity Double 120cm,vanity,bathroom-vanities,standard,false,,,,,,,true,true,90,270,0,180,,,,,1.2000,0.8500,0.5000,Double basin vanity 120cm,2025-10-08 16:51:11.543287+00,2025-10-08 16:51:11.543287+00,
5c56e7f0-6fdc-461b-bf2d-cb4df3c1cca4,pan-drawers-40,Pan Drawers 40cm,drawer-unit,cabinets,standard,false,,,,,,,true,true,90,270,0,180,,,,,0.4000,0.9000,0.6000,Compact 40cm pan drawer unit,2025-10-08 16:21:41.621901+00,2025-10-08 16:21:41.621901+00,
60f2345b-4c36-4f2f-95d0-493b16b7374a,tv-55-inch,TV 55 Inch,tv,living-room,standard,false,,,,,,,true,true,90,270,0,180,,,,,1.2000,0.7000,0.1000,"55 inch TV with screen, frame, and stand",2025-10-08 20:13:16.422946+00,2025-10-08 20:13:16.422946+00,
60f97677-778e-4301-9a3f-70f5189b28d4,vanity-floating-80,Vanity Floating 80cm,vanity,bathroom-vanities,standard,false,,,,,,,true,true,90,270,0,180,,,,,0.8000,0.5000,0.5000,Wall-mounted floating vanity,2025-10-08 16:51:11.543287+00,2025-10-08 16:51:11.543287+00,
61b345fb-f418-469d-ad5b-96826f1b9609,door-single-80,Single Door 80cm,door,doors-internal,standard,false,,,,,,,true,true,90,270,0,180,,,,,0.8000,2.0000,0.0500,Internal single door 80cm,2025-10-08 16:53:07.709429+00,2025-10-08 16:53:07.709429+00,
6404a530-2cdc-406e-b957-46de153409c3,tallboy-50,Tallboy 50cm,chest,bedroom-storage,standard,false,,,,,,,true,true,90,270,0,180,,,,,0.5000,1.2000,0.5000,Narrow 6-drawer tallboy,2025-10-08 16:50:15.91125+00,2025-10-08 16:50:15.91125+00,
644be568-a053-4218-b2e9-b6c8e66d37a0,pelmet-100,Pelmet 100cm,pelmet,finishing,standard,false,,,,,,,true,true,90,270,0,180,,,,,1.0000,0.1000,0.1000,Decorative pelmet 100cm,2025-10-08 16:21:59.376939+00,2025-10-08 16:21:59.376939+00,
6633542b-1c9b-4ce6-8d44-e9923ca32628,utility-base-60,Base Cabinet Utility 60cm,base-cabinet,utility-storage,standard,false,,,,,,,true,true,90,270,0,180,,,,,0.6000,0.9000,0.6000,Utility base cabinet 60cm,2025-10-08 16:52:53.546878+00,2025-10-08 16:52:53.546878+00,
66f29bed-c9fa-4683-803f-ccf746ae8173,door-patio-single-90,Patio Door Single 90cm,door,doors-external,standard,false,,,,,,,true,true,90,270,0,180,,,,,0.9000,2.1000,0.0800,Single patio sliding door,2025-10-08 16:53:07.709429+00,2025-10-08 16:53:07.709429+00,
678d0eca-8539-42b0-82c9-a41ea45b92db,island-unit-120,Island Unit 120cm,cabinet,dressing-room-storage,standard,false,,,,,,,false,false,0,0,0,0,,,,,1.2000,0.9000,0.6000,Extra large island unit with multiple drawers,2025-10-08 16:52:17.357255+00,2025-10-08 16:52:17.357255+00,
67ffa17c-64bd-4d74-b065-4365078dbb47,vanity-80,Vanity 80cm,vanity,bathroom-vanities,standard,false,,,,,,,true,true,90,270,0,180,,,,,0.8000,0.8500,0.5000,Bathroom vanity 80cm,2025-10-08 16:51:11.543287+00,2025-10-08 16:51:11.543287+00,
68a29542-98e7-4355-846f-4d57d0a3d341,utility-sink-double-100,Utility Sink Double 100cm,sink,utility-fixtures,standard,false,,,,,,,true,true,90,270,0,180,,,,,1.0000,0.9000,0.6000,Double basin utility sink,2025-10-08 16:52:53.546878+00,2025-10-08 16:52:53.546878+00,
68fcf22e-52dc-4cd2-9bc4-47d888fb8752,bed-single,Single Bed,bed,bedroom,standard,false,,,,,,,true,true,90,270,0,180,,,,,1.0000,0.5000,2.0000,"Single bed with frame, mattress, headboard, and pillows",2025-10-08 20:13:16.422946+00,2025-10-08 20:13:16.422946+00,
6942fc4e-5bf6-480e-81ea-16c79a782954,toilet-standard,Toilet Standard,toilet,bathroom-fixtures,standard,false,,,,,,,true,true,90,270,0,180,,,,,0.4000,0.7500,0.6500,Standard toilet,2025-10-08 16:51:11.543287+00,2025-10-08 16:51:11.543287+00,
69ee4b5a-4b1b-4bd7-a2c1-e6485f8585e2,fridge-60,Fridge 60cm,appliance,appliances,standard,false,,,,,,,true,true,90,270,0,180,,,,,0.6000,1.8000,0.6000,Freestanding fridge 60cm,2025-10-08 16:16:19.97502+00,2025-10-08 16:16:19.97502+00,
6a45d0f6-5116-409a-8ab9-aacebd466a31,l-shaped-test-cabinet-90,L-Shaped Test Cabinet 90cm,base-cabinet,cabinets,l_shaped_corner,true,0.9000,0.4000,0.6000,legLength/2,0,legLength/2,true,true,90,270,0,180,0,270,90,180,90.0000,90.0000,90.0000,L-shaped corner base cabinet with 90cm legs for base cabinets,2025-10-08 11:23:36.663103+00,2025-10-08 13:58:08.442194+00,
6d832a0d-b907-43fd-b2e7-ac5f567f9f66,chest-drawers-80,Chest of Drawers 80cm,chest,bedroom-storage,standard,false,,,,,,,true,true,90,270,0,180,,,,,0.8000,1.0000,0.5000,Four drawer chest 80cm,2025-10-08 16:50:15.91125+00,2025-10-08 16:50:15.91125+00,
6db647e9-ed2f-493d-9361-e101b30bb5f2,tv-unit-120,TV Unit 120cm,tv-unit,living-room-storage,standard,false,,,,,,,true,true,90,270,0,180,,,,,1.2000,0.5000,0.4500,TV cabinet 120cm,2025-10-08 16:51:41.19204+00,2025-10-08 16:51:41.19204+00,
6e29b7b4-f7e3-4616-a36d-1390cdd3ac60,washer-dryer-60,Washer-Dryer 60cm,appliance,utility-appliances,standard,false,,,,,,,true,true,90,270,0,180,,,,,0.6000,0.8500,0.6000,Combo washer-dryer unit,2025-10-08 16:52:53.546878+00,2025-10-08 16:52:53.546878+00,
6e958c7e-fffd-48b1-b68b-b41ad95eee7b,armchair-80,Armchair 80cm,seating,living-room-furniture,standard,false,,,,,,,true,true,90,270,0,180,,,,,0.8000,0.9000,0.8500,Single armchair,2025-10-08 16:51:41.19204+00,2025-10-08 16:51:41.19204+00,
6eb7a60e-26bc-404a-be49-dd71d9aadfdb,larder-single-oven,Larder Single Oven,appliance,appliances,standard,false,,,,,,,true,true,90,270,0,180,,,,,0.6000,2.0000,0.6000,Tall larder unit with integrated single oven,2025-10-08 17:10:22.990597+00,2025-10-08 17:10:22.990597+00,
6ef29df6-b6b3-4f6c-a528-b1d575e2e59a,kitchen-sink-undermount-60,Kitchen Sink Undermount 60cm,sink,sinks,standard,false,,,,,,,true,true,90,270,0,180,,,,,0.6000,0.1800,0.5000,Undermount sink 60cm,2025-10-08 17:10:09.489775+00,2025-10-08 17:10:09.489775+00,
701c19a3-0083-41d2-aec8-96c540a1833d,l-shaped-test-cabinet-60,L-Shaped Test Cabinet 60cm,cabinet,base-units,l_shaped_corner,true,0.6000,0.4000,0.6000,legLength/2,0,legLength/2,true,true,90,270,0,180,0,270,90,180,0.6000,0.9000,0.6000,L-shaped corner base cabinet with 60cm legs,2025-10-08 10:51:01.108456+00,2025-10-08 13:58:08.442194+00,
72054361-c04a-4452-8cbc-8dd7a55a698a,cornice-80,Cornice 80cm,cornice,finishing,standard,false,,,,,,,true,true,90,270,0,180,,,,,0.8000,0.1000,0.1000,Decorative cornice 80cm,2025-10-08 16:21:59.376939+00,2025-10-08 16:21:59.376939+00,
74a5dc8b-f168-4f9b-9af6-8a94af323573,tall-unit-60,Tall Unit 60cm,tall-unit,cabinets,standard,false,,,,,,,true,true,90,270,0,180,,,,,0.6000,2.0000,0.6000,Full height 60cm larder unit,2025-10-08 16:16:19.97502+00,2025-10-08 16:16:19.97502+00,
751ae6aa-e99d-4ace-a49d-c9ff90dc5215,bedside-table-40,Bedside Table 40cm,bedside,bedroom-storage,standard,false,,,,,,,true,true,90,270,0,180,,,,,0.4000,0.5000,0.4000,Compact bedside table,2025-10-08 16:50:15.91125+00,2025-10-08 16:50:15.91125+00,
79550152-00cc-4107-9579-b9c39a3d3169,butler-sink-60,Butler Sink 60cm,sink,sinks,standard,false,,,,,,,true,true,90,270,0,180,,,,,0.6000,0.2500,0.5000,White ceramic butler sink 60cm,2025-10-08 17:10:09.489775+00,2025-10-08 17:10:09.489775+00,
7d2173f0-346d-4a0d-a9c8-b3602fafe1d3,mirror-cabinet-70,Mirror Cabinet 70cm,cabinet,bathroom-storage,standard,false,,,,,,,true,true,90,270,0,180,,,,,0.7000,0.8000,0.1500,Mirror-fronted bathroom cabinet,2025-10-08 16:51:11.543287+00,2025-10-08 16:51:11.543287+00,
7e771285-9a2d-4de8-a432-8b221345c781,single-bed-90,Single Bed 90cm,bed,bedroom-furniture,standard,false,,,,,,,true,true,90,270,0,180,,,,,0.9000,0.5000,2.0000,Single bed 90cm wide,2025-10-08 16:50:52.815401+00,2025-10-08 16:50:52.815401+00,
7e845283-165b-4a1e-95e6-565adc87fc60,tumble-dryer,Tumble Dryer,tumble-dryer,utility,standard,false,,,,,,,true,true,90,270,0,180,,,,,0.6000,0.8500,0.6000,"Front-load tumble dryer with round door, drum fins, and LCD display",2025-10-08 20:13:51.848363+00,2025-10-08 20:13:51.848363+00,
7ead7f0c-afe5-4851-aec1-dc1b7911fab1,freezer-chest-90,Freezer Chest 90cm,appliance,utility-appliances,standard,false,,,,,,,true,true,90,270,0,180,,,,,0.9000,0.8500,0.6000,Chest freezer,2025-10-08 16:52:53.546878+00,2025-10-08 16:52:53.546878+00,
7ec9e418-9785-4b5a-a081-0a51e18b173c,sideboard-dining-160,Sideboard 160cm,sideboard,dining-room-storage,standard,false,,,,,,,true,true,90,270,0,180,,,,,1.6000,0.8500,0.4500,Dining room sideboard 160cm,2025-10-08 16:52:38.215415+00,2025-10-08 16:52:38.215415+00,
80c00752-26fa-43a7-8cea-d15766482a0b,washing-machine-60,Washing Machine 60cm,appliance,utility-appliances,standard,false,,,,,,,true,true,90,270,0,180,,,,,0.6000,0.8500,0.6000,Freestanding washing machine,2025-10-08 16:52:53.546878+00,2025-10-08 16:52:53.546878+00,
84b234b5-f96f-4080-9b71-b9e66cf41dfb,wall-cabinet-60,Wall Cabinet 60cm,wall-cabinet,cabinets,standard,false,,,,,,,true,true,90,270,0,180,,,,,0.6000,0.6000,0.4000,Standard 60cm wall cabinet,2025-10-08 16:07:57.673274+00,2025-10-08 16:07:57.673274+00,
85148b77-0e57-40c1-995f-1858ad0a9793,reading-chair-70,Reading Chair 70cm,seating,bedroom-furniture,standard,false,,,,,,,true,true,90,270,0,180,,,,,0.7000,0.9000,0.7000,Comfortable reading chair,2025-10-08 16:50:52.815401+00,2025-10-08 16:50:52.815401+00,
856f9506-0b8d-4d1b-ad48-947f4b2cbbd6,tie-rack-30,Tie Rack Unit 30cm,cabinet,dressing-room-storage,standard,false,,,,,,,true,true,90,270,0,180,,,,,0.3000,1.0000,0.1500,Narrow tie and accessory rack,2025-10-08 16:52:17.357255+00,2025-10-08 16:52:17.357255+00,
861c0c03-ac3a-4acf-9d01-d6068c77c71b,utility-tall-60,Tall Storage 60cm,cabinet,utility-storage,standard,false,,,,,,,true,true,90,270,0,180,,,,,0.6000,2.0000,0.6000,Tall utility storage cabinet,2025-10-08 16:52:53.546878+00,2025-10-08 16:52:53.546878+00,
88cbdc7f-4633-487c-b134-8993de9beb37,kitchen-sink-draining-board-80,Kitchen Sink Draining Board 80cm,sink,sinks,standard,false,,,,,,,true,true,90,270,0,180,,,,,0.8000,0.2000,0.5000,Kitchen sink with draining board 80cm,2025-10-08 17:10:09.489775+00,2025-10-08 17:10:09.489775+00,
8a5b0df6-7d08-439e-b7a9-4251057e300b,vanity-table-120,Vanity Table 120cm,vanity,dressing-room-furniture,standard,false,,,,,,,true,true,90,270,0,180,,,,,1.2000,0.7500,0.5000,Large dressing table with storage,2025-10-08 16:52:17.357255+00,2025-10-08 16:52:17.357255+00,
8b8a45d9-9b8f-470b-931b-b3b22102901d,king-bed-150,King Bed 150cm,bed,bedroom-furniture,standard,false,,,,,,,true,true,90,270,0,180,,,,,1.5000,0.5000,2.0000,King bed 150cm wide,2025-10-08 16:50:52.815401+00,2025-10-08 16:50:52.815401+00,
8c7ef8e7-5915-4f01-ace3-55252d0dcd2c,door-single-90,Single Door 90cm,door,doors-internal,standard,false,,,,,,,true,true,90,270,0,180,,,,,0.9000,2.0000,0.0500,Internal single door 90cm,2025-10-08 16:53:07.709429+00,2025-10-08 16:53:07.709429+00,
8ce55eaa-03fa-4005-821d-d69ff2e920b8,freezer-upright-60,Freezer Upright 60cm,appliance,utility-appliances,standard,false,,,,,,,true,true,90,270,0,180,,,,,0.6000,1.8500,0.6000,Tall upright freezer,2025-10-08 16:52:53.546878+00,2025-10-08 16:52:53.546878+00,
8e855643-889f-4175-bd24-49bc687c9b68,wall-cabinet-30,Wall Cabinet 30cm,wall-cabinet,cabinets,standard,false,,,,,,,true,true,90,270,0,180,,,,,0.3000,0.6000,0.4000,Narrow 30cm wall cabinet,2025-10-08 16:07:57.673274+00,2025-10-08 16:07:57.673274+00,
8f2a88ca-8b2f-40ef-a4c1-db1908f36420,door-patio-double-180,Patio Door Double 180cm,door,doors-external,standard,false,,,,,,,true,true,90,270,0,180,,,,,1.8000,2.1000,0.0800,Double patio sliding door,2025-10-08 16:53:07.709429+00,2025-10-08 16:53:07.709429+00,
8f84abca-d2c2-40ab-9cea-6452094a5fb5,pan-drawers-60,Pan Drawers 60cm,drawer-unit,cabinets,standard,false,,,,,,,true,true,90,270,0,180,,,,,0.6000,0.9000,0.6000,Standard 60cm pan drawer unit,2025-10-08 16:21:41.621901+00,2025-10-08 16:21:41.621901+00,
8fef412a-8649-4895-8cd5-fd53d0677ac1,base-cabinet-80,Base Cabinet 80cm,base-cabinet,cabinets,standard,false,,,,,,,true,true,90,270,0,180,,,,,0.8000,0.9000,0.6000,Wide 80cm base cabinet,2025-10-08 15:51:04.652333+00,2025-10-08 15:51:04.652333+00,
900687f1-600b-4b6a-a5ec-38d994a4e30c,wardrobe-2door-100,Wardrobe 2-Door 100cm,wardrobe,bedroom-storage,standard,false,,,,,,,true,true,90,270,0,180,,,,,1.0000,2.0000,0.6000,Two door wardrobe 100cm,2025-10-08 16:50:15.91125+00,2025-10-08 16:50:15.91125+00,
92c43fb4-5598-4f65-a554-2cb54185360d,desk-140,Desk 140cm,desk,office-furniture,standard,false,,,,,,,true,true,90,270,0,180,,,,,1.4000,0.7500,0.7000,Office desk 140cm,2025-10-08 16:52:06.676597+00,2025-10-08 16:52:06.676597+00,
932bc10c-f028-4375-8593-8d2f9bb30fbb,dining-table,Dining Table,table,dining-room,standard,false,,,,,,,false,false,0,0,0,0,,,,,1.6000,0.7500,0.9000,Dining table with top and 4 legs,2025-10-08 20:13:16.422946+00,2025-10-08 20:13:16.422946+00,
964e5f6b-ad77-4fa1-97ae-e8b749432420,sofa-2seater-140,Sofa 2-Seater 140cm,sofa,living-room-furniture,standard,false,,,,,,,true,true,90,270,0,180,,,,,1.4000,0.8000,0.9000,Two-seater sofa,2025-10-08 16:51:41.19204+00,2025-10-08 16:51:41.19204+00,
97526f7d-f422-49db-bfc9-ce8e8d54454b,end-panel-tall,End Panel Tall,end-panel,finishing,standard,false,,,,,,,true,true,90,270,0,180,,,,,0.6000,2.0000,0.0200,End panel for tall units,2025-10-08 16:21:59.376939+00,2025-10-08 16:21:59.376939+00,
97fb076c-eb05-4772-a6ea-f3727ddc5c8e,door-single-70,Single Door 70cm,door,doors-internal,standard,false,,,,,,,true,true,90,270,0,180,,,,,0.7000,2.0000,0.0500,Internal single door 70cm,2025-10-08 16:53:07.709429+00,2025-10-08 16:53:07.709429+00,
99f5c123-079d-4b16-ab5c-3f2a5545263e,larder-built-in-fridge,Larder Built-in Fridge,appliance,appliances,standard,false,,,,,,,true,true,90,270,0,180,,,,,0.6000,2.0000,0.6000,Tall larder unit with integrated fridge,2025-10-08 17:10:22.990597+00,2025-10-08 17:10:22.990597+00,
9aa02400-fcea-4e33-ab7f-c89892bbdad6,display-cabinet-90,Display Cabinet 90cm,cabinet,living-room-storage,standard,false,,,,,,,true,true,90,270,0,180,,,,,0.9000,1.8000,0.4000,Glass-front display cabinet,2025-10-08 16:51:41.19204+00,2025-10-08 16:51:41.19204+00,
9b93fa5d-fde1-4330-8f1d-84ecb01e0607,bathtub-standard,Standard Bathtub,bathtub,bathroom,standard,false,,,,,,,true,true,90,270,0,180,,,,,1.7000,0.6000,0.8000,"Standard bathtub with tub body, rim, faucet, and drain",2025-10-08 20:21:21.129584+00,2025-10-08 20:21:21.129584+00,
9e134812-df5a-4e10-9c04-70f35f30f798,vanity-table-100,Vanity Table 100cm,vanity,dressing-room-furniture,standard,false,,,,,,,true,true,90,270,0,180,,,,,1.0000,0.7500,0.5000,Dressing table with storage,2025-10-08 16:52:17.357255+00,2025-10-08 16:52:17.357255+00,
9ea16340-4e6c-40b3-8d8a-492ed6546e8a,utility-worktop-100,Worktop 100cm,counter-top,utility-fixtures,standard,false,,,,,,,true,true,90,270,0,180,,,,,1.0000,0.9000,0.6000,Utility worktop 100cm,2025-10-08 16:52:53.546878+00,2025-10-08 16:52:53.546878+00,
a000225c-807b-41ef-942f-768c8bc3308a,filing-cabinet-3drawer,Filing Cabinet 3-Drawer,cabinet,office-storage,standard,false,,,,,,,true,true,90,270,0,180,,,,,0.4500,1.0500,0.6000,Three-drawer filing cabinet,2025-10-08 16:52:06.676597+00,2025-10-08 16:52:06.676597+00,
a03f0ab7-1a22-40b5-b424-1deff2e1b4fa,dining-bench-120,Dining Bench 120cm,seating,dining-room-furniture,standard,false,,,,,,,true,true,90,270,0,180,,,,,1.2000,0.4500,0.4000,Dining bench 120cm,2025-10-08 16:52:38.215415+00,2025-10-08 16:52:38.215415+00,
a3b62405-00f6-4c07-95b4-4b3e13119238,window-single-60,Window Single 60cm,window,windows,standard,false,,,,,,,true,true,90,270,0,180,,,,,0.6000,1.2000,0.1200,Single pane window 60cm,2025-10-08 16:53:07.709429+00,2025-10-08 16:53:07.709429+00,
a41095d4-0993-4a8d-b720-f13c5d4a4b86,desk-corner-120,Corner Desk 120cm,desk,office-furniture,standard,true,,,,,,,true,true,90,270,0,180,,,,,1.2000,0.7500,1.2000,Corner desk with angled front,2025-10-08 16:52:06.676597+00,2025-10-08 16:52:06.676597+00,
a42ba33e-850e-4f3a-8919-b6a568953a14,pan-drawers-80,Pan Drawers 80cm,drawer-unit,cabinets,standard,false,,,,,,,true,true,90,270,0,180,,,,,0.8000,0.9000,0.6000,Wide 80cm pan drawer unit,2025-10-08 16:21:41.621901+00,2025-10-08 16:21:41.621901+00,
a4c89af3-8611-4a31-b74b-d2860c50af47,pelmet-120,Pelmet 120cm,pelmet,finishing,standard,false,,,,,,,true,true,90,270,0,180,,,,,1.2000,0.1000,0.1000,Decorative pelmet 120cm,2025-10-08 16:21:59.376939+00,2025-10-08 16:21:59.376939+00,
a50a1e0c-5be6-4196-8a5e-86ba3c15a3fe,island-unit-80,Island Unit 80cm,cabinet,dressing-room-storage,standard,false,,,,,,,false,false,0,0,0,0,,,,,0.8000,0.9000,0.5000,Freestanding island storage unit,2025-10-08 16:52:17.357255+00,2025-10-08 16:52:17.357255+00,
a5e461d3-c78a-422d-a656-fa375ea5dc9b,door-front-90,Front Door 90cm,door,doors-external,standard,false,,,,,,,true,true,90,270,0,180,,,,,0.9000,2.1000,0.0800,External front door,2025-10-08 16:53:07.709429+00,2025-10-08 16:53:07.709429+00,
a6959e02-3fe1-4726-8539-f25526d5ac4b,fridge-90,Fridge 90cm,appliance,appliances,standard,false,,,,,,,true,true,90,270,0,180,,,,,0.9000,1.8000,0.6000,American style fridge 90cm,2025-10-08 16:16:19.97502+00,2025-10-08 16:16:19.97502+00,
a6bf00b1-c863-45ed-8031-6674b836812a,media-cabinet-80,Media Cabinet 80cm,cabinet,living-room-storage,standard,false,,,,,,,true,true,90,270,0,180,,,,,0.8000,0.8000,0.4500,Media storage cabinet,2025-10-08 16:51:41.19204+00,2025-10-08 16:51:41.19204+00,
a731b6a2-d8e5-4606-b949-d823467b0b9a,bookshelf-80,Bookshelf 80cm,bookshelf,living-room-storage,standard,false,,,,,,,true,true,90,270,0,180,,,,,0.8000,1.8000,0.3500,Tall bookshelf 80cm,2025-10-08 16:51:41.19204+00,2025-10-08 16:51:41.19204+00,
a7eaee97-ddd8-4bf6-92b2-a7444b87fb10,wardrobe-3door-150,Wardrobe 3-Door 150cm,wardrobe,bedroom-storage,standard,false,,,,,,,true,true,90,270,0,180,,,,,1.5000,2.0000,0.6000,Three door wardrobe 150cm,2025-10-08 16:50:15.91125+00,2025-10-08 16:50:15.91125+00,
a8b66209-ccef-4e44-a761-df5f37ac640b,new-corner-wall-cabinet-90,New Corner Wall Cabinet 90cm,wall-cabinet,cabinets,l_shaped_corner,true,0.9000,0.4000,0.6000,legLength/2,0,legLength/2,true,true,90,270,0,180,0,270,90,180,90.0000,70.0000,40.0000,L-shaped corner wall cabinet with 90cm legs,2025-10-08 11:23:36.663103+00,2025-10-08 11:23:36.663103+00,
a8c47a62-5286-4dad-8773-494724766939,base-cabinet-30,Base Cabinet 30cm,base-cabinet,cabinets,standard,false,,,,,,,true,true,90,270,0,180,,,,,0.3000,0.9000,0.6000,Narrow 30cm base cabinet - ideal for tight spaces,2025-10-08 15:51:04.652333+00,2025-10-08 15:51:04.652333+00,
aa1bf66a-1be0-47cd-b94d-7c7303f26f2b,bookshelf-office-80,Bookshelf Office 80cm,bookshelf,office-storage,standard,false,,,,,,,true,true,90,270,0,180,,,,,0.8000,1.8000,0.3500,Office bookshelf 80cm,2025-10-08 16:52:06.676597+00,2025-10-08 16:52:06.676597+00,
aa8326b8-28dd-41aa-9882-dcc39abc4ea1,pelmet-80,Pelmet 80cm,pelmet,finishing,standard,false,,,,,,,true,true,90,270,0,180,,,,,0.8000,0.1000,0.1000,Decorative pelmet 80cm,2025-10-08 16:21:59.376939+00,2025-10-08 16:21:59.376939+00,
aabf5b36-17e8-494a-b660-302c25f389a9,counter-top-60,Counter-top 60cm,counter-top,worktops,standard,false,,,,,,,true,true,90,270,0,180,,,,,0.6000,0.0400,0.6000,Standard counter-top 60cm,2025-10-08 16:17:02.441798+00,2025-10-08 16:17:02.441798+00,
ab48a209-ebc8-4e5e-9436-f2d3925ef60f,sink-60,Sink 60cm,sink,sinks,standard,false,,,,,,,true,true,90,270,0,180,,,,,0.6000,0.2000,0.5000,Single bowl sink 60cm,2025-10-08 16:17:02.441798+00,2025-10-08 16:17:02.441798+00,
ac6ed98d-1c69-4736-8463-d478a30712dc,mirror-full-60,Full-Length Mirror 60cm,mirror,dressing-room-furniture,standard,false,,,,,,,true,true,90,270,0,180,,,,,0.6000,1.8000,0.0500,Freestanding full-length mirror,2025-10-08 16:52:17.357255+00,2025-10-08 16:52:17.357255+00,
ae84c78f-02f7-4be9-8e48-66f3724e7a88,mirror-trifold-80,Tri-Fold Mirror 80cm,mirror,dressing-room-furniture,standard,false,,,,,,,true,true,90,270,0,180,,,,,0.8000,0.6000,0.0500,Three-panel dressing table mirror,2025-10-08 16:52:17.357255+00,2025-10-08 16:52:17.357255+00,
af38ef2c-9765-4cea-abc0-43aeb3b58050,utility-sink-single-60,Utility Sink Single 60cm,sink,utility-fixtures,standard,false,,,,,,,true,true,90,270,0,180,,,,,0.6000,0.9000,0.6000,Single utility sink with cabinet,2025-10-08 16:52:53.546878+00,2025-10-08 16:52:53.546878+00,
b03dbad7-52a0-4edf-ac46-31c7c353818e,butler-sink-shallow-60,Butler Sink Shallow 60cm,sink,sinks,standard,false,,,,,,,true,true,90,270,0,180,,,,,0.6000,0.1800,0.5000,Shallow butler sink for prep work 60cm,2025-10-08 17:10:09.489775+00,2025-10-08 17:10:09.489775+00,
b05e350b-5b39-4ff0-bdfa-a4f96cb836cf,cornice-60,Cornice 60cm,cornice,finishing,standard,false,,,,,,,true,true,90,270,0,180,,,,,0.6000,0.1000,0.1000,Decorative cornice 60cm,2025-10-08 16:21:59.376939+00,2025-10-08 16:21:59.376939+00,
b0d7edac-6808-4ff4-8d08-3c7db61bae29,shoe-cabinet-80,Shoe Cabinet 80cm,cabinet,dressing-room-storage,standard,false,,,,,,,true,true,90,270,0,180,,,,,0.8000,1.0000,0.3500,Shoe storage cabinet,2025-10-08 16:52:17.357255+00,2025-10-08 16:52:17.357255+00,
b131724a-219a-4011-8a42-02ba2d18fbc2,chest-drawers-100,Chest of Drawers 100cm,chest,bedroom-storage,standard,false,,,,,,,true,true,90,270,0,180,,,,,1.0000,1.0000,0.5000,Four drawer chest 100cm,2025-10-08 16:50:15.91125+00,2025-10-08 16:50:15.91125+00,
b1ac7b87-a11a-4b84-b26f-61eca93692c6,desk-lshaped-160,L-Shaped Desk 160x120cm,desk,office-furniture,standard,false,,,,,,,true,true,90,270,0,180,,,,,1.6000,0.7500,1.2000,L-shaped executive desk,2025-10-08 16:52:06.676597+00,2025-10-08 16:52:06.676597+00,
b1d275f7-078c-4c24-b657-1d8093504ce3,butler-sink-deep-60,Butler Sink Deep 60cm,sink,sinks,standard,false,,,,,,,true,true,90,270,0,180,,,,,0.6000,0.3000,0.5000,Extra deep butler sink for heavy duty 60cm,2025-10-08 17:10:09.489775+00,2025-10-08 17:10:09.489775+00,
b3ad958f-cfc8-4067-a25a-aa78e43c7088,door-double-140,Double Door 140cm,door,doors-internal,standard,false,,,,,,,true,true,90,270,0,180,,,,,1.4000,2.0000,0.0500,Internal double door 140cm,2025-10-08 16:53:07.709429+00,2025-10-08 16:53:07.709429+00,
b6124e51-9536-476b-abaa-01c6559a2813,end-panel-wall,End Panel Wall,end-panel,finishing,standard,false,,,,,,,true,true,90,270,0,180,,,,,0.4000,0.6000,0.0200,End panel for wall units,2025-10-08 16:21:59.376939+00,2025-10-08 16:21:59.376939+00,
ba0d987f-fddd-4e7f-906e-696e4608fb80,base-cabinet-40,Base Cabinet 40cm,base-cabinet,cabinets,standard,false,,,,,,,true,true,90,270,0,180,,,,,0.4000,0.9000,0.6000,Compact 40cm base cabinet,2025-10-08 15:51:04.652333+00,2025-10-08 15:51:04.652333+00,
bc7a55a4-be39-4b75-b604-1a86951e191b,dining-table-extendable-160,Dining Table Extendable 160-200cm,table,dining-room-furniture,standard,false,,,,,,,true,true,90,270,0,180,,,,,1.6000,0.7500,0.9000,Extendable dining table 160-200cm,2025-10-08 16:52:38.215415+00,2025-10-08 16:52:38.215415+00,
bc8eb1f9-e05b-4098-aa78-78f4a23253ac,butler-sink-corner-90,Butler Sink Corner 90cm,sink,sinks,l_shaped_corner,true,0.9000,0.5000,0.6000,legLength/2,0,legLength/2,true,true,90,270,0,180,0,270,90,180,0.9000,0.2500,0.5000,L-shaped corner butler sink 90cm,2025-10-08 17:10:09.489775+00,2025-10-08 17:10:09.489775+00,
bcc9bbc8-72b4-4c2a-bb58-5fd2516e1aa2,jewelry-armoire-50,Jewelry Armoire 50cm,cabinet,dressing-room-storage,standard,false,,,,,,,true,true,90,270,0,180,,,,,0.5000,1.4000,0.4000,Tall jewelry storage cabinet,2025-10-08 16:52:17.357255+00,2025-10-08 16:52:17.357255+00,
bcf1a350-6a68-42a9-a552-297f16e2e697,utility-wall-60,Wall Cabinet Utility 60cm,wall-cabinet,utility-storage,standard,false,,,,,,,true,true,90,270,0,180,,,,,0.6000,0.6000,0.4000,Utility wall cabinet 60cm,2025-10-08 16:52:53.546878+00,2025-10-08 16:52:53.546878+00,
bd4702ed-43dd-4723-a0b9-f82077e18d0c,dressing-chair,Dressing Chair Upholstered,seating,dressing-room-furniture,standard,false,,,,,,,true,true,90,270,0,180,,,,,0.5000,0.8500,0.5000,Upholstered dressing chair,2025-10-08 16:52:17.357255+00,2025-10-08 16:52:17.357255+00,
bf9f977c-6f8e-4e79-bcbf-9160ce86e6da,visitor-chair,Visitor Chair,seating,office-furniture,standard,false,,,,,,,true,true,90,270,0,180,,,,,0.5500,0.8500,0.5500,Visitor/guest chair,2025-10-08 16:52:06.676597+00,2025-10-08 16:52:06.676597+00,
c04436d2-a13a-4c22-99ba-d1966909d67e,kitchen-sink-copper-60,Kitchen Sink Copper 60cm,sink,sinks,standard,false,,,,,,,true,true,90,270,0,180,,,,,0.6000,0.2000,0.5000,Hand-hammered copper sink 60cm,2025-10-08 17:10:09.489775+00,2025-10-08 17:10:09.489775+00,
c2bd963a-3b33-496c-9c13-d427aebebab0,larder-corner-unit-60,Tall Corner Larder 60cm,tall-unit,cabinets,l_shaped_corner,true,0.6000,0.6000,0.6000,legLength/2,0,legLength/2,true,true,90,270,0,180,0,270,90,180,0.6000,2.0000,0.6000,L-shaped tall corner larder unit with 60cm legs,2025-10-08 17:08:02.404343+00,2025-10-08 17:08:02.404343+00,
c509bed1-9882-44d5-8e44-be6c625cf0b6,sofa-3-seater,Sofa 3-Seater,sofa,living-room,standard,false,,,,,,,true,true,90,270,0,180,,,,,2.0000,0.8000,0.9000,"3-seater sofa with base, back, arms, and cushions",2025-10-08 20:13:16.422946+00,2025-10-08 20:13:16.422946+00,
c8d89312-c0b3-41e1-a4c0-7d18f770ca92,office-chair-task,Office Chair Task,seating,office-furniture,standard,false,,,,,,,true,true,90,270,0,180,,,,,0.5500,0.9500,0.5500,Task office chair,2025-10-08 16:52:06.676597+00,2025-10-08 16:52:06.676597+00,
ca8750ee-44bd-463f-b2e1-cd1ae406fdab,china-cabinet-90,China Cabinet 90cm,cabinet,dining-room-storage,standard,false,,,,,,,true,true,90,270,0,180,,,,,0.9000,2.0000,0.4500,Traditional china display cabinet,2025-10-08 16:52:38.215415+00,2025-10-08 16:52:38.215415+00,
cbcb38fc-44e4-48f0-ac36-eccc7c176b26,larder-double-oven,Larder Double Oven,appliance,appliances,standard,false,,,,,,,true,true,90,270,0,180,,,,,0.6000,2.0000,0.6000,Tall larder unit with integrated double oven,2025-10-08 17:10:22.990597+00,2025-10-08 17:10:22.990597+00,
cd750faf-3986-4305-87fb-26d30dbb0b35,sideboard-180,Sideboard 180cm,sideboard,living-room-storage,standard,false,,,,,,,true,true,90,270,0,180,,,,,1.8000,0.8000,0.4500,Long sideboard cabinet,2025-10-08 16:51:41.19204+00,2025-10-08 16:51:41.19204+00,
cef957ae-dd2c-4af6-b5bf-1b912b9d168a,base-cabinet-100,Base Cabinet 100cm,base-cabinet,cabinets,standard,false,,,,,,,true,true,90,270,0,180,,,,,1.0000,0.9000,0.6000,Extra wide 100cm base cabinet,2025-10-08 15:51:04.652333+00,2025-10-08 15:51:04.652333+00,
d09931e3-46fb-457c-9a3e-83e17467e407,utility-worktop-80,Worktop 80cm,counter-top,utility-fixtures,standard,false,,,,,,,true,true,90,270,0,180,,,,,0.8000,0.9000,0.6000,Utility worktop with storage,2025-10-08 16:52:53.546878+00,2025-10-08 16:52:53.546878+00,
d0a1fdac-6331-4173-be46-bdbeb403f825,kitchen-sink-farmhouse-80,Kitchen Sink Farmhouse 80cm,sink,sinks,standard,false,,,,,,,true,true,90,270,0,180,,,,,0.8000,0.2500,0.5500,Farmhouse sink with apron front 80cm,2025-10-08 17:10:09.489775+00,2025-10-08 17:10:09.489775+00,
d2960747-e61c-4df5-b56d-4a06f513d9c1,wall-cabinet-40,Wall Cabinet 40cm,wall-cabinet,cabinets,standard,false,,,,,,,true,true,90,270,0,180,,,,,0.4000,0.6000,0.4000,Compact 40cm wall cabinet,2025-10-08 16:07:57.673274+00,2025-10-08 16:07:57.673274+00,
d2f09b50-7f56-4894-95a6-f09918efbaa8,kitchen-sink-island-100,Kitchen Sink Island 100cm,sink,sinks,standard,false,,,,,,,false,false,0,0,0,0,,,,,1.0000,0.2000,0.5000,Island sink for freestanding units 100cm,2025-10-08 17:10:09.489775+00,2025-10-08 17:10:09.489775+00,
d7ccdbc2-01dd-4d96-911b-d0620f1f5dfb,drinks-cabinet-80,Drinks Cabinet 80cm,cabinet,dining-room-storage,standard,false,,,,,,,true,true,90,270,0,180,,,,,0.8000,1.2000,0.4500,Bar/drinks storage cabinet,2025-10-08 16:52:38.215415+00,2025-10-08 16:52:38.215415+00,
d7d0dc73-dc02-4e5a-aee3-eac7a9198680,oven-60,Oven 60cm,appliance,appliances,standard,false,,,,,,,true,true,90,270,0,180,,,,,0.6000,0.6000,0.6000,Built-in oven 60cm,2025-10-08 16:16:19.97502+00,2025-10-08 16:16:19.97502+00,
d889fc8d-f31d-440a-8c20-8a2d1d071bdc,dining-table-160,Dining Table 160x90cm,table,dining-room-furniture,standard,false,,,,,,,true,true,90,270,0,180,,,,,1.6000,0.7500,0.9000,Rectangular dining table for 6,2025-10-08 16:52:38.215415+00,2025-10-08 16:52:38.215415+00,
d91a5c3a-2af9-4c8f-8cb3-a62f84cef732,shower-standard,Standard Shower,shower,bathroom,standard,false,,,,,,,true,true,90,270,0,180,,,,,0.9000,2.0000,0.9000,"Standard shower enclosure with tray, glass walls, and fixtures",2025-10-08 20:21:21.129584+00,2025-10-08 20:21:21.129584+00,
db3232db-8bc4-4f1a-bee6-19b52573b0ca,dining-table-120,Dining Table 120x80cm,table,dining-room-furniture,standard,false,,,,,,,true,true,90,270,0,180,,,,,1.2000,0.7500,0.8000,Rectangular dining table for 4,2025-10-08 16:52:38.215415+00,2025-10-08 16:52:38.215415+00,
dd4c0106-bff1-43d5-bda9-fbfe1ca54c18,door-french-180,French Doors 180cm,door,doors-external,standard,false,,,,,,,true,true,90,270,0,180,,,,,1.8000,2.1000,0.0800,French doors with glass,2025-10-08 16:53:07.709429+00,2025-10-08 16:53:07.709429+00,
de0b3647-27c0-412d-8fed-d1c60fecd422,tv-unit-160,TV Unit 160cm,tv-unit,living-room-storage,standard,false,,,,,,,true,true,90,270,0,180,,,,,1.6000,0.5000,0.4500,TV cabinet 160cm,2025-10-08 16:51:41.19204+00,2025-10-08 16:51:41.19204+00,
de35a214-4c26-4600-8a08-5f783086c8f8,dining-chair-standard,Dining Chair Standard,seating,dining-room-furniture,standard,false,,,,,,,true,true,90,270,0,180,,,,,0.4500,0.9000,0.5000,Standard dining chair,2025-10-08 16:52:38.215415+00,2025-10-08 16:52:38.215415+00,
de555033-f7e3-4be5-a10b-0b9033098fca,larder-coffee-machine,Larder Coffee Machine,appliance,appliances,standard,false,,,,,,,true,true,90,270,0,180,,,,,0.6000,2.0000,0.6000,Tall larder unit with built-in coffee machine,2025-10-08 17:10:22.990597+00,2025-10-08 17:10:22.990597+00,
ded98e7f-d2c7-42e7-b47f-87bc4a9cfa87,office-chair-executive,Office Chair Executive,seating,office-furniture,standard,false,,,,,,,true,true,90,270,0,180,,,,,0.6500,1.2000,0.6500,Executive office chair,2025-10-08 16:52:06.676597+00,2025-10-08 16:52:06.676597+00,
dee1b997-eb19-4228-b69f-7dff6204ae01,new-corner-wall-cabinet-60,New Corner Wall Cabinet 60cm,wall-cabinet,cabinets,l_shaped_corner,true,0.6000,0.4000,0.6000,legLength/2,0,legLength/2,true,true,90,270,0,180,0,270,90,180,60.0000,70.0000,40.0000,L-shaped corner wall cabinet with 60cm legs,2025-10-08 11:23:36.663103+00,2025-10-08 11:23:36.663103+00,
df17e13e-bd01-4b18-9e9e-f804d49c9db4,end-panel-base,End Panel Base,end-panel,finishing,standard,false,,,,,,,true,true,90,270,0,180,,,,,0.6000,0.9000,0.0200,End panel for base units,2025-10-08 16:21:59.376939+00,2025-10-08 16:21:59.376939+00,
e32d074e-30b5-4e20-828a-022b6c85812b,storage-cabinet-80,Storage Cabinet 80cm,cabinet,office-storage,standard,false,,,,,,,true,true,90,270,0,180,,,,,0.8000,1.8000,0.4500,Tall office storage cabinet,2025-10-08 16:52:06.676597+00,2025-10-08 16:52:06.676597+00,
e5b52882-1822-40bc-a5ce-549a3c2e67a5,shower-tray-90,Shower Tray 90cm,shower,bathroom-fixtures,standard,false,,,,,,,true,true,90,270,0,180,,,,,0.9000,0.1000,0.9000,Square shower tray,2025-10-08 16:51:11.543287+00,2025-10-08 16:51:11.543287+00,
e6f8ec86-e4f5-46e5-b17f-52f925d5430b,filing-cabinet-2drawer,Filing Cabinet 2-Drawer,cabinet,office-storage,standard,false,,,,,,,true,true,90,270,0,180,,,,,0.4500,0.7000,0.6000,Two-drawer filing cabinet,2025-10-08 16:52:06.676597+00,2025-10-08 16:52:06.676597+00,
e7c2ceda-dd2b-44ee-b187-4e14baf4ff31,larder-corner-unit-90,Tall Corner Larder 90cm,tall-unit,cabinets,l_shaped_corner,true,0.9000,0.6000,0.6000,legLength/2,0,legLength/2,true,true,90,270,0,180,0,270,90,180,0.9000,2.0000,0.6000,L-shaped tall corner larder unit with 90cm legs,2025-10-08 17:08:02.404343+00,2025-10-08 17:08:02.404343+00,
e89494e7-18ed-4c7d-ae60-3ab9ef557530,tumble-dryer-60,Tumble Dryer 60cm,appliance,utility-appliances,standard,false,,,,,,,true,true,90,270,0,180,,,,,0.6000,0.8500,0.6000,Freestanding tumble dryer,2025-10-08 16:52:53.546878+00,2025-10-08 16:52:53.546878+00,
e923b001-1a72-4ed9-8cd9-d22b501c0182,window-double-120,Window Double 120cm,window,windows,standard,false,,,,,,,true,true,90,270,0,180,,,,,1.2000,1.2000,0.1200,Double pane window 120cm,2025-10-08 16:53:07.709429+00,2025-10-08 16:53:07.709429+00,
ec259a23-2f20-43c4-b668-03ad5b1f9572,dining-table-180,Dining Table 180x90cm,table,dining-room-furniture,standard,false,,,,,,,true,true,90,270,0,180,,,,,1.8000,0.7500,0.9000,Large rectangular dining table for 6-8,2025-10-08 16:52:38.215415+00,2025-10-08 16:52:38.215415+00,
ecf82b10-3677-4226-9abb-4e9d4644668f,utility-tall-80,Tall Storage 80cm,cabinet,utility-storage,standard,false,,,,,,,true,true,90,270,0,180,,,,,0.8000,2.0000,0.6000,Tall utility storage cabinet,2025-10-08 16:52:53.546878+00,2025-10-08 16:52:53.546878+00,
ed0575ca-ce58-41d0-b512-a586e8058d20,linen-cupboard-60,Linen Cupboard 60cm,cabinet,bathroom-storage,standard,false,,,,,,,true,true,90,270,0,180,,,,,0.6000,1.8000,0.4000,Tall linen storage cupboard,2025-10-08 16:51:11.543287+00,2025-10-08 16:51:11.543287+00,
eef2b984-523a-44a2-9894-970657aec4dc,broom-cupboard-60,Broom Cupboard 60cm,cabinet,utility-storage,standard,false,,,,,,,true,true,90,270,0,180,,,,,0.6000,2.0000,0.4000,Tall broom storage cupboard,2025-10-08 16:52:53.546878+00,2025-10-08 16:52:53.546878+00,
f0527384-cf37-47dd-a56f-50274a47acf1,skylight-80x120,Skylight 80x120cm,window,windows,standard,false,,,,,,,true,true,90,270,0,180,,,,,0.8000,0.1000,1.2000,Roof skylight window,2025-10-08 16:53:07.709429+00,2025-10-08 16:53:07.709429+00,
f4672c92-cb10-46bd-aaa9-ad034a993177,oven-housing-60,Oven Housing 60cm,tall-unit,cabinets,standard,false,,,,,,,true,true,90,270,0,180,,,,,0.6000,2.0000,0.6000,Tall oven housing unit,2025-10-08 16:16:19.97502+00,2025-10-08 16:16:19.97502+00,
f7ed74c1-79a7-45d4-acc5-d8560647b38f,kitchen-sink-farmhouse-60,Kitchen Sink Farmhouse 60cm,sink,sinks,standard,false,,,,,,,true,true,90,270,0,180,,,,,0.6000,0.2500,0.5500,Farmhouse sink with apron front 60cm,2025-10-08 17:10:09.489775+00,2025-10-08 17:10:09.489775+00,
f8181512-886d-4cfa-873c-8ac43eced305,loveseat-120,Loveseat 120cm,sofa,living-room-furniture,standard,false,,,,,,,true,true,90,270,0,180,,,,,1.2000,0.8000,0.8500,Compact loveseat,2025-10-08 16:51:41.19204+00,2025-10-08 16:51:41.19204+00,
f8ac534e-6911-477b-bbf3-5c66afa03ed8,base-cabinet-60,Base Cabinet 60cm,base-cabinet,cabinets,standard,false,,,,,,,true,true,90,270,0,180,,,,,0.6000,0.9000,0.6000,"Standard 60cm base cabinet with plinth, body, door, and shelf",2025-10-08 15:51:04.652333+00,2025-10-08 15:51:04.652333+00,
fcadef1d-afb9-455a-9a0d-10dc63bac1c6,kitchen-sink-undermount-80,Kitchen Sink Undermount 80cm,sink,sinks,standard,false,,,,,,,true,true,90,270,0,180,,,,,0.8000,0.1800,0.5000,Undermount sink 80cm,2025-10-08 17:10:09.489775+00,2025-10-08 17:10:09.489775+00,
fe6cb130-b8d1-4f98-9a52-f17240b4aea3,door-bifold-80,Bi-Fold Door 80cm,door,doors-internal,standard,false,,,,,,,true,true,90,270,0,180,,,,,0.8000,2.0000,0.0500,Bi-fold door,2025-10-08 16:53:07.709429+00,2025-10-08 16:53:07.709429+00,
ffbcf071-8b29-48ac-b770-106d34f019bb,shoe-cabinet-100,Shoe Cabinet 100cm,cabinet,dressing-room-storage,standard,false,,,,,,,true,true,90,270,0,180,,,,,1.0000,1.0000,0.3500,Large shoe storage cabinet,2025-10-08 16:52:17.357255+00,2025-10-08 16:52:17.357255+00,
ffbe3019-09c4-4a44-b159-67ba6a395b63,window-double-150,Window Double 150cm,window,windows,standard,false,,,,,,,true,true,90,270,0,180,,,,,1.5000,1.4000,0.1200,Double pane window 150cm,2025-10-08 16:53:07.709429+00,2025-10-08 16:53:07.709429+00,