id,created_at,updated_at,component_id,name,type,width,depth,height,color,category,room_types,icon_name,description,version,deprecated,deprecation_reason,replacement_component_id,metadata,tags,mount_type,has_direction,door_side,default_z_position,elevation_height,corner_configuration,component_behavior
c773d487-cc86-4782-9df8-cfcf993c0813,2025-10-08 18:02:52.04969+00,2025-10-08 18:02:52.04969+00,wardrobe-2door-100,Wardrobe 2-Door 100cm,cabinet,100.00,60.00,200.00,#8B4513,bedroom-storage,"[""bedroom""]",Square,Two door wardrobe 100cm,1.0.0,false,null,null,{},[],floor,true,front,0.00,null,{},{}
a48bf048-5971-4cab-b707-019e8b31db37,2025-10-08 18:02:52.04969+00,2025-10-08 18:02:52.04969+00,wardrobe-3door-150,Wardrobe 3-Door 150cm,cabinet,150.00,60.00,200.00,#8B4513,bedroom-storage,"[""bedroom""]",Square,Three door wardrobe 150cm,1.0.0,false,null,null,{},[],floor,true,front,0.00,null,{},{}
a06fb4b6-7c3c-4c9e-ae67-de43083605ed,2025-10-08 18:02:52.04969+00,2025-10-08 18:02:52.04969+00,wardrobe-4door-200,Wardrobe 4-Door 200cm,cabinet,200.00,60.00,200.00,#8B4513,bedroom-storage,"[""bedroom""]",Square,Four door wardrobe 200cm,1.0.0,false,null,null,{},[],floor,true,front,0.00,null,{},{}
64e5c81a-6560-4603-a238-26a3b86b33ae,2025-10-08 18:02:52.04969+00,2025-10-08 18:02:52.04969+00,wardrobe-sliding-180,Wardrobe Sliding 180cm,cabinet,180.00,60.00,200.00,#8B4513,bedroom-storage,"[""bedroom""]",Square,Sliding door wardrobe 180cm,1.0.0,false,null,null,{},[],floor,true,front,0.00,null,{},{}
6bd5d8f6-ef11-4fa6-9770-47a2743caee9,2025-10-08 18:02:52.04969+00,2025-10-08 18:02:52.04969+00,chest-drawers-80,Chest of Drawers 80cm,cabinet,80.00,50.00,100.00,#8B4513,bedroom-storage,"[""bedroom""]",Square,Four drawer chest 80cm,1.0.0,false,null,null,{},[],floor,true,front,0.00,null,{},{}
a567a619-28fc-41a1-b0bd-80483a83adb5,2025-10-08 17:26:07.475697+00,2025-10-08 17:29:28.754969+00,dishwasher,Dishwasher,appliance,60.00,58.00,82.00,#f0f0f0,appliances,"[""kitchen""]",Waves,Built-in dishwasher,1.0.0,false,null,null,{},[],floor,true,front,0.00,85.00,{},{}
3be2c594-0ec4-4164-abb3-08b462084bb2,2025-10-08 17:26:07.475697+00,2025-10-08 17:29:28.754969+00,refrigerator,Refrigerator,appliance,60.00,60.00,180.00,#f0f0f0,appliances,"[""kitchen""]",Refrigerator,Standard refrigerator,1.0.0,false,null,null,{},[],floor,true,front,0.00,180.00,{},{}
ff68f4b6-90cb-4752-959c-7527486e488c,2025-10-08 17:26:07.475697+00,2025-10-08 17:29:28.754969+00,counter-top-horizontal,Counter Top Horizontal,counter-top,300.00,60.00,4.00,#D2B48C,counter-tops,"[""kitchen"",""bedroom"",""bathroom"",""living-room"",""office"",""dining-room"",""dressing-room"",""utility"",""under-stairs"",""media-wall"",""internal-doors"",""flooring""]",Square,Horizontal counter top - 300cm x 60cm x 4cm (left-to-right),1.0.0,false,null,null,{},[],floor,false,front,90.00,4.00,{},{}
04456c52-5352-426b-85f0-a5dec26762ff,2025-10-08 17:26:07.475697+00,2025-10-08 17:29:28.754969+00,counter-top-vertical,Counter Top Vertical,counter-top,60.00,300.00,4.00,#D2B48C,counter-tops,"[""kitchen"",""bedroom"",""bathroom"",""living-room"",""office"",""dining-room"",""dressing-room"",""utility"",""under-stairs"",""media-wall"",""internal-doors"",""flooring""]",Square,Vertical counter top - 60cm x 300cm x 4cm (front-to-back),1.0.0,false,null,null,{},[],floor,false,front,90.00,4.00,{},{}
30adeb37-655c-4f44-ab44-5a0fb0e7e277,2025-10-08 17:26:07.475697+00,2025-10-08 17:29:28.754969+00,corner-cabinet,Corner Base Cabinet,cabinet,90.00,90.00,72.00,#F5DEB3,base-cabinets,"[""kitchen""]",Archive,Corner base cabinet with lazy susan,1.0.0,false,null,null,{},[],floor,true,front,0.00,85.00,"{""is_corner"":true,""door_width"":30,""side_width"":60,""corner_type"":""L-shaped""}",{}
6127962c-b279-4503-9066-41266df95738,2025-10-08 18:02:52.04969+00,2025-10-08 18:02:52.04969+00,chest-drawers-100,Chest of Drawers 100cm,cabinet,100.00,50.00,100.00,#8B4513,bedroom-storage,"[""bedroom""]",Square,Four drawer chest 100cm,1.0.0,false,null,null,{},[],floor,true,front,0.00,null,{},{}
45d41ccf-e2c3-4ff4-a9e3-ea32c2fc4580,2025-10-08 18:02:52.04969+00,2025-10-08 18:02:52.04969+00,tallboy-50,Tallboy 50cm,cabinet,50.00,50.00,120.00,#8B4513,bedroom-storage,"[""bedroom""]",Square,Narrow 6-drawer tallboy,1.0.0,false,null,null,{},[],floor,true,front,0.00,null,{},{}
941ed892-41e4-47c0-926e-136d3f30fba7,2025-10-08 18:02:52.04969+00,2025-10-08 18:02:52.04969+00,bedside-table-40,Bedside Table 40cm,cabinet,40.00,40.00,50.00,#8B4513,bedroom-storage,"[""bedroom""]",Square,Compact bedside table,1.0.0,false,null,null,{},[],floor,true,front,0.00,null,{},{}
fd5496a5-a603-4441-ada1-fc98e96976cb,2025-10-08 18:02:52.04969+00,2025-10-08 18:02:52.04969+00,bedside-table-50,Bedside Table 50cm,cabinet,50.00,50.00,50.00,#8B4513,bedroom-storage,"[""bedroom""]",Square,Standard bedside table,1.0.0,false,null,null,{},[],floor,true,front,0.00,null,{},{}
66588fff-64a0-4d7f-9405-a7df13cbb848,2025-10-08 18:02:52.04969+00,2025-10-08 18:02:52.04969+00,dressing-table-120,Dressing Table 120cm,cabinet,120.00,50.00,75.00,#8B4513,bedroom-storage,"[""bedroom""]",Square,Dressing table with mirror,1.0.0,false,null,null,{},[],floor,true,front,0.00,null,{},{}
52946fd8-86a7-4c0c-8b62-d51586eb29b5,2025-10-08 18:02:52.04969+00,2025-10-08 18:02:52.04969+00,single-bed-90,Single Bed 90cm,bed,90.00,200.00,50.00,#8B4513,bedroom-furniture,"[""bedroom""]",Square,Single bed 90cm wide,1.0.0,false,null,null,{},[],floor,true,front,0.00,null,{},{}
d845f83c-8ce9-4535-8ce5-aee4820d8c83,2025-10-08 18:02:52.04969+00,2025-10-08 18:02:52.04969+00,double-bed-140,Double Bed 140cm,bed,140.00,200.00,50.00,#8B4513,bedroom-furniture,"[""bedroom""]",Square,Double bed 140cm wide,1.0.0,false,null,null,{},[],floor,true,front,0.00,null,{},{}
c922cd1c-737c-44a0-a514-285b63ca112e,2025-10-08 18:02:52.04969+00,2025-10-08 18:02:52.04969+00,king-bed-150,King Bed 150cm,bed,150.00,200.00,50.00,#8B4513,bedroom-furniture,"[""bedroom""]",Square,King bed 150cm wide,1.0.0,false,null,null,{},[],floor,true,front,0.00,null,{},{}
176927c0-ccda-46a3-9f1a-6427ca27c2f7,2025-10-08 18:02:52.04969+00,2025-10-08 18:02:52.04969+00,superking-bed-180,Super King Bed 180cm,bed,180.00,200.00,50.00,#8B4513,bedroom-furniture,"[""bedroom""]",Square,Super king bed 180cm wide,1.0.0,false,null,null,{},[],floor,true,front,0.00,null,{},{}
9618da81-16f2-46cf-9fce-9a7e0d3e28fb,2025-10-08 18:02:52.04969+00,2025-10-08 18:02:52.04969+00,ottoman-60,Ottoman 60cm,seating,60.00,60.00,45.00,#6B8E23,bedroom-furniture,"[""bedroom""]",Circle,Upholstered ottoman,1.0.0,false,null,null,{},[],floor,true,front,0.00,null,{},{}
5d987d3e-401a-4dd0-88f5-31cfbfc70594,2025-10-08 18:02:52.04969+00,2025-10-08 18:02:52.04969+00,ottoman-storage-80,Ottoman Storage 80cm,seating,80.00,60.00,50.00,#6B8E23,bedroom-furniture,"[""bedroom""]",Circle,Storage ottoman,1.0.0,false,null,null,{},[],floor,true,front,0.00,null,{},{}
9e710d8b-f99c-4e15-8ccb-3b67fa168984,2025-10-08 17:26:07.475697+00,2025-10-08 17:51:56.815242+00,base-cabinet-60,Base Cabinet 60cm,cabinet,60.00,60.00,90.00,#F5F5F5,base-cabinets,"[""kitchen""]",Archive,Standard 60cm base cabinet,1.0.0,false,null,null,{},[],floor,true,front,0.00,85.00,{},{}
56be089e-24e2-4462-8102-583160b89c8b,2025-10-08 18:02:52.04969+00,2025-10-08 18:02:52.04969+00,reading-chair-70,Reading Chair 70cm,seating,70.00,70.00,90.00,#8B4513,bedroom-furniture,"[""bedroom""]",Circle,Comfortable reading chair,1.0.0,false,null,null,{},[],floor,true,front,0.00,null,{},{}
70e6b841-c5f8-4a81-a5f4-7c9c7add91d5,2025-10-08 17:26:07.475697+00,2025-10-08 17:51:56.815242+00,wall-cabinet-60,Wall Cabinet 60cm,cabinet,60.00,40.00,60.00,#F5F5F5,wall-cabinets,"[""kitchen""]",Archive,Standard 60cm wall cabinet,1.0.0,false,null,null,{},[],floor,true,front,0.00,85.00,{},{}
a7c16a26-bcaf-4573-8699-f8080a4c65f9,2025-10-08 18:02:52.04969+00,2025-10-08 18:02:52.04969+00,bedroom-bench-120,Bedroom Bench 120cm,seating,120.00,40.00,45.00,#6B8E23,bedroom-furniture,"[""bedroom""]",Square,End of bed bench,1.0.0,false,null,null,{},[],floor,true,front,0.00,null,{},{}
8bbca9e4-0fe9-4fe6-8ef8-450be0075c48,2025-10-08 18:02:52.04969+00,2025-10-08 18:02:52.04969+00,vanity-60,Vanity 60cm,cabinet,60.00,50.00,85.00,#F5F5DC,bathroom-vanities,"[""bathroom""]",Square,Bathroom vanity 60cm,1.0.0,false,null,null,{},[],floor,true,front,0.00,null,{},{}
e494240c-386d-4085-b61d-09eb1173b732,2025-10-08 18:02:52.04969+00,2025-10-08 18:02:52.04969+00,vanity-80,Vanity 80cm,cabinet,80.00,50.00,85.00,#F5F5DC,bathroom-vanities,"[""bathroom""]",Square,Bathroom vanity 80cm,1.0.0,false,null,null,{},[],floor,true,front,0.00,null,{},{}
2ece6d70-bbce-4051-9b6e-710f65b56203,2025-10-08 18:02:52.04969+00,2025-10-08 18:02:52.04969+00,vanity-100,Vanity 100cm,cabinet,100.00,50.00,85.00,#F5F5DC,bathroom-vanities,"[""bathroom""]",Square,Bathroom vanity 100cm,1.0.0,false,null,null,{},[],floor,true,front,0.00,null,{},{}
c8ee513b-3a9b-46c7-b5dd-961ee1e27b20,2025-10-08 18:02:52.04969+00,2025-10-08 18:02:52.04969+00,vanity-double-120,Vanity Double 120cm,cabinet,120.00,50.00,85.00,#F5F5DC,bathroom-vanities,"[""bathroom""]",Square,Double basin vanity 120cm,1.0.0,false,null,null,{},[],floor,true,front,0.00,null,{},{}
5210b37c-d600-4848-a545-88d3b989f459,2025-10-08 18:02:52.04969+00,2025-10-08 18:02:52.04969+00,vanity-floating-80,Vanity Floating 80cm,cabinet,80.00,50.00,50.00,#F5F5DC,bathroom-vanities,"[""bathroom""]",Square,Wall-mounted floating vanity,1.0.0,false,null,null,{},[],floor,true,front,0.00,null,{},{}
86a6dbda-645c-4b08-8077-eee3d7674051,2025-10-08 18:02:52.04969+00,2025-10-08 18:02:52.04969+00,toilet-standard,Toilet Standard,toilet,40.00,65.00,75.00,#FFFFFF,bathroom-fixtures,"[""bathroom""]",Circle,Standard toilet,1.0.0,false,null,null,{},[],floor,true,front,0.00,null,{},{}
bb8f965a-9bba-4b92-b6b9-1884e0b7426f,2025-10-08 18:02:52.04969+00,2025-10-08 18:02:52.04969+00,bathtub-170,Bathtub 170cm,bathtub,170.00,75.00,55.00,#FFFFFF,bathroom-fixtures,"[""bathroom""]",Square,Standard bathtub,1.0.0,false,null,null,{},[],floor,true,front,0.00,null,{},{}
064913f2-003a-4409-a152-e2da1210a1b9,2025-10-08 18:02:52.04969+00,2025-10-08 18:02:52.04969+00,shower-tray-90,Shower Tray 90cm,shower,90.00,90.00,10.00,#FFFFFF,bathroom-fixtures,"[""bathroom""]",Square,Square shower tray,1.0.0,false,null,null,{},[],floor,true,front,0.00,null,{},{}
bdc0543a-47bb-4c8b-aa9a-a35e5610bcf6,2025-10-08 18:02:52.04969+00,2025-10-08 18:02:52.04969+00,shower-enclosure-90,Shower Enclosure 90cm,shower,90.00,90.00,200.00,#E6E6FA,bathroom-fixtures,"[""bathroom""]",Square,Glass shower enclosure,1.0.0,false,null,null,{},[],floor,true,front,0.00,null,{},{}
83dfd6cd-fc41-4ad9-b8fd-acb0338ed633,2025-10-08 18:02:52.04969+00,2025-10-08 18:02:52.04969+00,bathroom-cabinet-40,Bathroom Cabinet 40cm,cabinet,40.00,30.00,60.00,#F5F5DC,bathroom-storage,"[""bathroom""]",Square,Wall-mounted bathroom cabinet,1.0.0,false,null,null,{},[],floor,true,front,0.00,null,{},{}
f82b5b1b-fd4a-4b22-bdf4-13552ffb6d76,2025-10-08 18:02:52.04969+00,2025-10-08 18:02:52.04969+00,linen-cupboard-60,Linen Cupboard 60cm,cabinet,60.00,40.00,180.00,#F5F5DC,bathroom-storage,"[""bathroom""]",Square,Tall linen storage cupboard,1.0.0,false,null,null,{},[],floor,true,front,0.00,null,{},{}
2503c911-2ecd-49e6-869c-af37e64fdbc4,2025-10-08 18:02:52.04969+00,2025-10-08 18:02:52.04969+00,mirror-cabinet-70,Mirror Cabinet 70cm,cabinet,70.00,15.00,80.00,#C0C0C0,bathroom-storage,"[""bathroom""]",Square,Mirror-fronted bathroom cabinet,1.0.0,false,null,null,{},[],floor,true,front,0.00,null,{},{}
e3e90752-f914-4767-bd85-9250b1155000,2025-10-08 18:02:52.04969+00,2025-10-08 18:02:52.04969+00,sofa-2seater-140,Sofa 2-Seater 140cm,sofa,140.00,90.00,80.00,#3A6EA5,living-room-furniture,"[""living-room""]",Square,Two-seater sofa,1.0.0,false,null,null,{},[],floor,true,front,0.00,null,{},{}
03ca3db9-8134-438c-bcd7-85981bd7ae2b,2025-10-08 18:02:52.04969+00,2025-10-08 18:02:52.04969+00,sofa-3seater-200,Sofa 3-Seater 200cm,sofa,200.00,90.00,80.00,#3A6EA5,living-room-furniture,"[""living-room""]",Square,Three-seater sofa,1.0.0,false,null,null,{},[],floor,true,front,0.00,null,{},{}
4f1f18f8-c86e-4a6f-a431-44131bd14e77,2025-10-08 18:02:52.04969+00,2025-10-08 18:02:52.04969+00,armchair-80,Armchair 80cm,seating,80.00,85.00,90.00,#3A6EA5,living-room-furniture,"[""living-room""]",Circle,Single armchair,1.0.0,false,null,null,{},[],floor,true,front,0.00,null,{},{}
4e77e64a-4182-45b0-81f4-14789ada07c5,2025-10-08 18:02:52.04969+00,2025-10-08 18:02:52.04969+00,loveseat-120,Loveseat 120cm,sofa,120.00,85.00,80.00,#3A6EA5,living-room-furniture,"[""living-room""]",Square,Compact loveseat,1.0.0,false,null,null,{},[],floor,true,front,0.00,null,{},{}
c09ad645-e99e-4dd1-b16f-3869091639af,2025-10-08 18:02:52.04969+00,2025-10-08 18:02:52.04969+00,tv-unit-120,TV Unit 120cm,cabinet,120.00,45.00,50.00,#2F4F4F,living-room-storage,"[""living-room""]",Square,TV cabinet 120cm,1.0.0,false,null,null,{},[],floor,true,front,0.00,null,{},{}
ebb5e3b3-c1d4-4e25-a534-8cb5a87c25f5,2025-10-08 18:02:52.04969+00,2025-10-08 18:02:52.04969+00,tv-unit-160,TV Unit 160cm,cabinet,160.00,45.00,50.00,#2F4F4F,living-room-storage,"[""living-room""]",Square,TV cabinet 160cm,1.0.0,false,null,null,{},[],floor,true,front,0.00,null,{},{}
e0c5157a-afce-414a-adb7-737fb4c28d81,2025-10-08 18:02:52.04969+00,2025-10-08 18:02:52.04969+00,media-cabinet-80,Media Cabinet 80cm,cabinet,80.00,45.00,80.00,#2F4F4F,living-room-storage,"[""living-room""]",Square,Media storage cabinet,1.0.0,false,null,null,{},[],floor,true,front,0.00,null,{},{}
f648cec2-999b-4356-8c93-281915adf8a3,2025-10-08 18:02:52.04969+00,2025-10-08 18:02:52.04969+00,bookshelf-80,Bookshelf 80cm,cabinet,80.00,35.00,180.00,#8B4513,living-room-storage,"[""living-room""]",Square,Tall bookshelf 80cm,1.0.0,false,null,null,{},[],floor,true,front,0.00,null,{},{}
7f552f99-8be1-4a2b-ba8e-49a7b99427ec,2025-10-08 18:02:52.04969+00,2025-10-08 18:02:52.04969+00,bookshelf-100,Bookshelf 100cm,cabinet,100.00,35.00,200.00,#8B4513,living-room-storage,"[""living-room""]",Square,Tall bookshelf 100cm,1.0.0,false,null,null,{},[],floor,true,front,0.00,null,{},{}
5ae16352-387a-4ef4-a36c-875a62f966f1,2025-10-08 18:02:52.04969+00,2025-10-08 18:02:52.04969+00,display-cabinet-90,Display Cabinet 90cm,cabinet,90.00,40.00,180.00,#8B4513,living-room-storage,"[""living-room""]",Square,Glass-front display cabinet,1.0.0,false,null,null,{},[],floor,true,front,0.00,null,{},{}
f7a54a34-8d88-4f23-8e5c-41860e10ac9b,2025-10-08 18:02:52.04969+00,2025-10-08 18:02:52.04969+00,sideboard-180,Sideboard 180cm,cabinet,180.00,45.00,80.00,#8B4513,living-room-storage,"[""living-room""]",Square,Long sideboard cabinet,1.0.0,false,null,null,{},[],floor,true,front,0.00,null,{},{}
bd103d21-7024-4e00-abfd-14c545da2033,2025-10-08 18:02:52.04969+00,2025-10-08 18:02:52.04969+00,desk-120,Desk 120cm,desk,120.00,70.00,75.00,#8B4513,office-furniture,"[""office""]",Square,Office desk 120cm,1.0.0,false,null,null,{},[],floor,true,front,0.00,null,{},{}
e64eea15-dd9e-4afd-9b57-698e32a4434a,2025-10-08 18:02:52.04969+00,2025-10-08 18:02:52.04969+00,desk-140,Desk 140cm,desk,140.00,70.00,75.00,#8B4513,office-furniture,"[""office""]",Square,Office desk 140cm,1.0.0,false,null,null,{},[],floor,true,front,0.00,null,{},{}
ffa279c6-4230-4b3a-b68b-88a752127668,2025-10-08 18:02:52.04969+00,2025-10-08 18:02:52.04969+00,desk-160,Desk 160cm,desk,160.00,70.00,75.00,#8B4513,office-furniture,"[""office""]",Square,Office desk 160cm,1.0.0,false,null,null,{},[],floor,true,front,0.00,null,{},{}
c5f6e26d-a9e4-4a57-8329-e944473a9755,2025-10-08 18:02:52.04969+00,2025-10-08 18:02:52.04969+00,desk-lshaped-160,L-Shaped Desk 160x120cm,desk,160.00,120.00,75.00,#8B4513,office-furniture,"[""office""]",Square,L-shaped executive desk,1.0.0,false,null,null,{},[],floor,true,front,0.00,null,{},{}
3a0afc9e-b175-4cc1-affb-9a20ffa6ad0d,2025-10-08 18:02:52.04969+00,2025-10-08 18:02:52.04969+00,desk-corner-120,Corner Desk 120cm,desk,120.00,120.00,75.00,#8B4513,office-furniture,"[""office""]",Square,Corner desk with angled front,1.0.0,false,null,null,{},[],floor,true,front,0.00,null,{},{}
5381b76e-f550-4404-93e5-37d6e9d6a858,2025-10-08 18:02:52.04969+00,2025-10-08 18:02:52.04969+00,office-chair-executive,Office Chair Executive,seating,65.00,65.00,120.00,#000000,office-furniture,"[""office""]",Circle,Executive office chair,1.0.0,false,null,null,{},[],floor,true,front,0.00,null,{},{}
372e756b-6447-483c-b06f-94421c052c43,2025-10-08 18:02:52.04969+00,2025-10-08 18:02:52.04969+00,office-chair-task,Office Chair Task,seating,55.00,55.00,95.00,#000000,office-furniture,"[""office""]",Circle,Task office chair,1.0.0,false,null,null,{},[],floor,true,front,0.00,null,{},{}
9378a725-2fa1-44a3-bebc-4841414defb3,2025-10-08 18:02:52.04969+00,2025-10-08 18:02:52.04969+00,visitor-chair,Visitor Chair,seating,55.00,55.00,85.00,#4B4B4B,office-furniture,"[""office""]",Circle,Visitor/guest chair,1.0.0,false,null,null,{},[],floor,true,front,0.00,null,{},{}
b30c622e-1ee6-49bd-958e-87e49dfa4330,2025-10-08 18:02:52.04969+00,2025-10-08 18:02:52.04969+00,filing-cabinet-2drawer,Filing Cabinet 2-Drawer,cabinet,45.00,60.00,70.00,#808080,office-storage,"[""office""]",Square,Two-drawer filing cabinet,1.0.0,false,null,null,{},[],floor,true,front,0.00,null,{},{}
64fe8182-3761-4209-9930-470317c28b3b,2025-10-08 18:02:52.04969+00,2025-10-08 18:02:52.04969+00,filing-cabinet-3drawer,Filing Cabinet 3-Drawer,cabinet,45.00,60.00,105.00,#808080,office-storage,"[""office""]",Square,Three-drawer filing cabinet,1.0.0,false,null,null,{},[],floor,true,front,0.00,null,{},{}
ac91bb9a-16af-4da6-a156-e36f34cc7deb,2025-10-08 18:02:52.04969+00,2025-10-08 18:02:52.04969+00,pedestal-3drawer,Pedestal 3-Drawer,cabinet,40.00,50.00,60.00,#F5F5F5,office-storage,"[""office""]",Square,Under-desk pedestal with 3 drawers,1.0.0,false,null,null,{},[],floor,true,front,0.00,null,{},{}
adab4fd3-31ed-4872-b548-b4c9ed2f7d21,2025-10-08 18:02:52.04969+00,2025-10-08 18:02:52.04969+00,bookshelf-office-80,Bookshelf Office 80cm,cabinet,80.00,35.00,180.00,#8B4513,office-storage,"[""office""]",Square,Office bookshelf 80cm,1.0.0,false,null,null,{},[],floor,true,front,0.00,null,{},{}
4b026fb8-dd6e-4171-bc3f-be3276d5c5f0,2025-10-08 18:02:52.04969+00,2025-10-08 18:02:52.04969+00,bookshelf-office-100,Bookshelf Office 100cm,cabinet,100.00,35.00,200.00,#8B4513,office-storage,"[""office""]",Square,Office bookshelf 100cm,1.0.0,false,null,null,{},[],floor,true,front,0.00,null,{},{}
8dff558e-d108-48ac-829a-730b8e0a9adf,2025-10-08 18:02:52.04969+00,2025-10-08 18:02:52.04969+00,storage-cabinet-80,Storage Cabinet 80cm,cabinet,80.00,45.00,180.00,#F5F5F5,office-storage,"[""office""]",Square,Tall office storage cabinet,1.0.0,false,null,null,{},[],floor,true,front,0.00,null,{},{}
8e6ee42a-db54-4d83-ab98-5d176f38c4b1,2025-10-08 18:02:52.04969+00,2025-10-08 18:02:52.04969+00,vanity-table-100,Vanity Table 100cm,cabinet,100.00,50.00,75.00,#F5F5DC,dressing-room-furniture,"[""dressing-room""]",Square,Dressing table with storage,1.0.0,false,null,null,{},[],floor,true,front,0.00,null,{},{}
c7a32fea-c16d-4e2b-9e0c-9a9dd61de712,2025-10-08 18:02:52.04969+00,2025-10-08 18:02:52.04969+00,vanity-table-120,Vanity Table 120cm,cabinet,120.00,50.00,75.00,#F5F5DC,dressing-room-furniture,"[""dressing-room""]",Square,Large dressing table,1.0.0,false,null,null,{},[],floor,true,front,0.00,null,{},{}
b0bb9fc1-0a94-4372-bb65-ccfc6daf8df0,2025-10-08 18:02:52.04969+00,2025-10-08 18:02:52.04969+00,dressing-stool,Dressing Stool,seating,40.00,35.00,45.00,#8B7355,dressing-room-furniture,"[""dressing-room""]",Circle,Compact dressing stool,1.0.0,false,null,null,{},[],floor,true,front,0.00,null,{},{}
52ed5f98-15c2-48e4-9483-f5d3eb1aad1e,2025-10-08 18:02:52.04969+00,2025-10-08 18:02:52.04969+00,dressing-chair,Dressing Chair,seating,50.00,50.00,85.00,#8B7355,dressing-room-furniture,"[""dressing-room""]",Circle,Upholstered dressing chair,1.0.0,false,null,null,{},[],floor,true,front,0.00,null,{},{}
17f39ed1-8ab3-4ce5-b126-5833b02aa103,2025-10-08 18:02:52.04969+00,2025-10-08 18:02:52.04969+00,island-unit-80,Island Unit 80cm,cabinet,80.00,50.00,90.00,#F5F5DC,dressing-room-storage,"[""dressing-room""]",Square,Freestanding island storage unit,1.0.0,false,null,null,{},[],floor,true,front,0.00,null,{},{}
34ac15ad-048b-4cb7-a3c6-2e4caf330c56,2025-10-08 18:02:52.04969+00,2025-10-08 18:02:52.04969+00,island-unit-100,Island Unit 100cm,cabinet,100.00,60.00,90.00,#F5F5DC,dressing-room-storage,"[""dressing-room""]",Square,Large freestanding island unit,1.0.0,false,null,null,{},[],floor,true,front,0.00,null,{},{}
7eb34a7b-5130-4cbd-bb2a-c3fcca7c4e67,2025-10-08 18:02:52.04969+00,2025-10-08 18:02:52.04969+00,island-unit-120,Island Unit 120cm,cabinet,120.00,60.00,90.00,#F5F5DC,dressing-room-storage,"[""dressing-room""]",Square,Extra large island unit,1.0.0,false,null,null,{},[],floor,true,front,0.00,null,{},{}
675dd962-90e5-41e6-a920-81e7f5406e93,2025-10-08 18:02:52.04969+00,2025-10-08 18:02:52.04969+00,jewelry-armoire-50,Jewelry Armoire 50cm,cabinet,50.00,40.00,140.00,#DEB887,dressing-room-storage,"[""dressing-room""]",Square,Tall jewelry storage cabinet,1.0.0,false,null,null,{},[],floor,true,front,0.00,null,{},{}
09009d71-35a3-464c-a262-acda5b96790d,2025-10-08 18:02:52.04969+00,2025-10-08 18:02:52.04969+00,tie-rack-30,Tie Rack Unit 30cm,cabinet,30.00,15.00,100.00,#F5F5DC,dressing-room-storage,"[""dressing-room""]",Square,Narrow tie and accessory rack,1.0.0,false,null,null,{},[],floor,true,front,0.00,null,{},{}
7dc6df74-1571-4f22-aafc-7ea3ee779b18,2025-10-08 18:02:52.04969+00,2025-10-08 18:02:52.04969+00,shoe-cabinet-80,Shoe Cabinet 80cm,cabinet,80.00,35.00,100.00,#F5F5DC,dressing-room-storage,"[""dressing-room""]",Square,Shoe storage cabinet,1.0.0,false,null,null,{},[],floor,true,front,0.00,null,{},{}
3017ed3d-a2d3-45e6-8dd9-96b64cd56738,2025-10-08 18:02:52.04969+00,2025-10-08 18:02:52.04969+00,shoe-cabinet-100,Shoe Cabinet 100cm,cabinet,100.00,35.00,100.00,#F5F5DC,dressing-room-storage,"[""dressing-room""]",Square,Large shoe storage cabinet,1.0.0,false,null,null,{},[],floor,true,front,0.00,null,{},{}
f5254535-6fc7-4538-9d14-a2cc72451f49,2025-10-08 18:02:52.04969+00,2025-10-08 18:02:52.04969+00,mirror-full-60,Full-Length Mirror 60cm,mirror,60.00,5.00,180.00,#E8E8E8,dressing-room-furniture,"[""dressing-room""]",Square,Freestanding full-length mirror,1.0.0,false,null,null,{},[],floor,true,front,0.00,null,{},{}
abcb3b91-c565-4c6c-8897-dcfcbfc788c5,2025-10-08 18:02:52.04969+00,2025-10-08 18:02:52.04969+00,mirror-trifold-80,Tri-Fold Mirror 80cm,mirror,80.00,5.00,60.00,#E8E8E8,dressing-room-furniture,"[""dressing-room""]",Square,Three-panel dressing table mirror,1.0.0,false,null,null,{},[],floor,true,front,0.00,null,{},{}
babc11a8-6873-40c8-b1ad-fdd2f34f8baf,2025-10-08 18:02:52.04969+00,2025-10-08 18:02:52.04969+00,dining-table-120,Dining Table 120x80cm,table,120.00,80.00,75.00,#8B4513,dining-room-furniture,"[""dining-room""]",Square,Rectangular dining table for 4,1.0.0,false,null,null,{},[],floor,true,front,0.00,null,{},{}
c0ffa664-8808-4e9c-b6d2-f4a805bda5ce,2025-10-08 18:02:52.04969+00,2025-10-08 18:02:52.04969+00,dining-table-160,Dining Table 160x90cm,table,160.00,90.00,75.00,#8B4513,dining-room-furniture,"[""dining-room""]",Square,Rectangular dining table for 6,1.0.0,false,null,null,{},[],floor,true,front,0.00,null,{},{}
39684b2b-05d6-488a-8dda-4e076db42b83,2025-10-08 18:02:52.04969+00,2025-10-08 18:02:52.04969+00,dining-table-180,Dining Table 180x90cm,table,180.00,90.00,75.00,#8B4513,dining-room-furniture,"[""dining-room""]",Square,Large rectangular dining table for 6-8,1.0.0,false,null,null,{},[],floor,true,front,0.00,null,{},{}
6951c857-e7f0-43d0-9d12-74b26c112972,2025-10-08 18:02:52.04969+00,2025-10-08 18:02:52.04969+00,dining-table-round-110,Dining Table Round 110cm,table,110.00,110.00,75.00,#8B4513,dining-room-furniture,"[""dining-room""]",Circle,Round dining table for 4,1.0.0,false,null,null,{},[],floor,true,front,0.00,null,{},{}
9bcb8a67-d430-44f0-8331-ed2532c1b4f6,2025-10-08 18:02:52.04969+00,2025-10-08 18:02:52.04969+00,dining-table-round-120,Dining Table Round 120cm,table,120.00,120.00,75.00,#8B4513,dining-room-furniture,"[""dining-room""]",Circle,Round dining table for 6,1.0.0,false,null,null,{},[],floor,true,front,0.00,null,{},{}
f883ec4c-b355-41e6-8bed-4ba9c92f159d,2025-10-08 18:02:52.04969+00,2025-10-08 18:02:52.04969+00,dining-table-extendable-160,Dining Table Extendable 160cm,table,160.00,90.00,75.00,#8B4513,dining-room-furniture,"[""dining-room""]",Square,Extendable dining table 160-200cm,1.0.0,false,null,null,{},[],floor,true,front,0.00,null,{},{}
69803250-c84b-4d0e-9bd2-392e19afdd2c,2025-10-08 18:02:52.04969+00,2025-10-08 18:02:52.04969+00,dining-chair-standard,Dining Chair Standard,seating,45.00,50.00,90.00,#8B4513,dining-room-furniture,"[""dining-room""]",Circle,Standard dining chair,1.0.0,false,null,null,{},[],floor,true,front,0.00,null,{},{}
acc7819c-477b-47d7-a799-1b98a9a53160,2025-10-08 18:02:52.04969+00,2025-10-08 18:02:52.04969+00,dining-chair-upholstered,Dining Chair Upholstered,seating,50.00,55.00,95.00,#4B4B4B,dining-room-furniture,"[""dining-room""]",Circle,Upholstered dining chair,1.0.0,false,null,null,{},[],floor,true,front,0.00,null,{},{}
d6d024ba-5fde-440b-8f49-4151a8be2f12,2025-10-08 18:02:52.04969+00,2025-10-08 18:02:52.04969+00,dining-bench-120,Dining Bench 120cm,seating,120.00,40.00,45.00,#8B4513,dining-room-furniture,"[""dining-room""]",Square,Dining bench 120cm,1.0.0,false,null,null,{},[],floor,true,front,0.00,null,{},{}
8f545a6c-9569-4fa7-aa8d-3136fb24f5d1,2025-10-08 18:02:52.04969+00,2025-10-08 18:02:52.04969+00,dining-bench-140,Dining Bench 140cm,seating,140.00,40.00,45.00,#8B4513,dining-room-furniture,"[""dining-room""]",Square,Dining bench 140cm,1.0.0,false,null,null,{},[],floor,true,front,0.00,null,{},{}
b8e29516-9dd4-41e7-aacf-adc5cbd4e15d,2025-10-08 18:02:52.04969+00,2025-10-08 18:02:52.04969+00,sideboard-dining-140,Sideboard 140cm,cabinet,140.00,45.00,85.00,#8B4513,dining-room-storage,"[""dining-room""]",Square,Dining room sideboard 140cm,1.0.0,false,null,null,{},[],floor,true,front,0.00,null,{},{}
839b61e1-3d0e-49b5-bf96-12b89ebc309b,2025-10-08 18:02:52.04969+00,2025-10-08 18:02:52.04969+00,sideboard-dining-160,Sideboard 160cm,cabinet,160.00,45.00,85.00,#8B4513,dining-room-storage,"[""dining-room""]",Square,Dining room sideboard 160cm,1.0.0,false,null,null,{},[],floor,true,front,0.00,null,{},{}
c85b0d2d-6501-4642-bac2-bbce84ee4460,2025-10-08 18:02:52.04969+00,2025-10-08 18:02:52.04969+00,display-cabinet-dining-100,Display Cabinet 100cm,cabinet,100.00,45.00,190.00,#8B4513,dining-room-storage,"[""dining-room""]",Square,Tall glass-front display cabinet,1.0.0,false,null,null,{},[],floor,true,front,0.00,null,{},{}
041968c4-a5bb-4c8c-bd06-eba0ea3e3dd4,2025-10-08 18:02:52.04969+00,2025-10-08 18:02:52.04969+00,china-cabinet-90,China Cabinet 90cm,cabinet,90.00,45.00,200.00,#8B4513,dining-room-storage,"[""dining-room""]",Square,Traditional china display cabinet,1.0.0,false,null,null,{},[],floor,true,front,0.00,null,{},{}
c7217c66-3689-4185-988c-d9c7b03f6035,2025-10-08 18:02:52.04969+00,2025-10-08 18:02:52.04969+00,drinks-cabinet-80,Drinks Cabinet 80cm,cabinet,80.00,45.00,120.00,#2F4F4F,dining-room-storage,"[""dining-room""]",Square,Bar/drinks storage cabinet,1.0.0,false,null,null,{},[],floor,true,front,0.00,null,{},{}
78970357-ea5c-4281-84d3-d063787a3cda,2025-10-08 18:02:52.04969+00,2025-10-08 18:02:52.04969+00,washing-machine-60,Washing Machine 60cm,appliance,60.00,60.00,85.00,#FFFFFF,utility-appliances,"[""utility""]",Square,Freestanding washing machine,1.0.0,false,null,null,{},[],floor,true,front,0.00,null,{},{}
07f547a2-0075-4f48-ba1d-60b2637c6782,2025-10-08 18:02:52.04969+00,2025-10-08 18:02:52.04969+00,washer-dryer-60,Washer-Dryer 60cm,appliance,60.00,60.00,85.00,#FFFFFF,utility-appliances,"[""utility""]",Square,Combo washer-dryer unit,1.0.0,false,null,null,{},[],floor,true,front,0.00,null,{},{}
1eb055ac-0178-4585-b3be-42149220ee38,2025-10-08 18:02:52.04969+00,2025-10-08 18:02:52.04969+00,tumble-dryer-60,Tumble Dryer 60cm,appliance,60.00,60.00,85.00,#FFFFFF,utility-appliances,"[""utility""]",Square,Freestanding tumble dryer,1.0.0,false,null,null,{},[],floor,true,front,0.00,null,{},{}
f2087050-0954-4d37-9818-e1040edc051a,2025-10-08 18:02:52.04969+00,2025-10-08 18:02:52.04969+00,freezer-upright-60,Freezer Upright 60cm,appliance,60.00,60.00,185.00,#FFFFFF,utility-appliances,"[""utility""]",Square,Tall upright freezer,1.0.0,false,null,null,{},[],floor,true,front,0.00,null,{},{}
a21f008c-f1b5-483d-9eb1-ccb16fd17d5f,2025-10-08 18:02:52.04969+00,2025-10-08 18:02:52.04969+00,freezer-chest-90,Freezer Chest 90cm,appliance,90.00,60.00,85.00,#FFFFFF,utility-appliances,"[""utility""]",Square,Chest freezer,1.0.0,false,null,null,{},[],floor,true,front,0.00,null,{},{}
473127fa-ede3-4f97-b47b-ae4f6320ea8b,2025-10-08 18:02:52.04969+00,2025-10-08 18:02:52.04969+00,utility-sink-single-60,Utility Sink Single 60cm,sink,60.00,60.00,90.00,#D3D3D3,utility-fixtures,"[""utility""]",Circle,Single utility sink with cabinet,1.0.0,false,null,null,{},[],floor,true,front,0.00,null,{},{}
bbb6de1b-8002-494f-8e9b-ad810aadd007,2025-10-08 18:02:52.04969+00,2025-10-08 18:02:52.04969+00,utility-sink-double-100,Utility Sink Double 100cm,sink,100.00,60.00,90.00,#D3D3D3,utility-fixtures,"[""utility""]",Circle,Double basin utility sink,1.0.0,false,null,null,{},[],floor,true,front,0.00,null,{},{}
5a964d63-0fa0-4fde-992a-f1a7026c5362,2025-10-08 18:02:52.04969+00,2025-10-08 18:02:52.04969+00,utility-worktop-80,Worktop 80cm,counter-top,80.00,60.00,90.00,#8B7355,utility-fixtures,"[""utility""]",Square,Utility worktop with storage,1.0.0,false,null,null,{},[],floor,true,front,0.00,null,{},{}
7a4d3547-9256-4103-8be4-7158c8832f55,2025-10-08 18:02:52.04969+00,2025-10-08 18:02:52.04969+00,utility-worktop-100,Worktop 100cm,counter-top,100.00,60.00,90.00,#8B7355,utility-fixtures,"[""utility""]",Square,Utility worktop 100cm,1.0.0,false,null,null,{},[],floor,true,front,0.00,null,{},{}
8a6c2135-b73d-4be4-81dd-3282d7ae5efa,2025-10-08 18:02:52.04969+00,2025-10-08 18:02:52.04969+00,utility-worktop-120,Worktop 120cm,counter-top,120.00,60.00,90.00,#8B7355,utility-fixtures,"[""utility""]",Square,Utility worktop 120cm,1.0.0,false,null,null,{},[],floor,true,front,0.00,null,{},{}
c0aca9bc-bba2-4887-8b6c-e2b161a112f1,2025-10-08 18:02:52.04969+00,2025-10-08 18:02:52.04969+00,broom-cupboard-60,Broom Cupboard 60cm,cabinet,60.00,40.00,200.00,#F5F5F5,utility-storage,"[""utility""]",Square,Tall broom storage cupboard,1.0.0,false,null,null,{},[],floor,true,front,0.00,null,{},{}
25454b55-cb62-46e3-a93d-efbec6da273f,2025-10-08 18:02:52.04969+00,2025-10-08 18:02:52.04969+00,utility-tall-60,Tall Storage 60cm,cabinet,60.00,60.00,200.00,#F5F5F5,utility-storage,"[""utility""]",Square,Tall utility storage cabinet,1.0.0,false,null,null,{},[],floor,true,front,0.00,null,{},{}
338b71f6-1f78-492f-a16f-f18a5f4c5596,2025-10-08 18:02:52.04969+00,2025-10-08 18:02:52.04969+00,utility-tall-80,Tall Storage 80cm,cabinet,80.00,60.00,200.00,#F5F5F5,utility-storage,"[""utility""]",Square,Tall utility storage cabinet,1.0.0,false,null,null,{},[],floor,true,front,0.00,null,{},{}
03f8f064-efbe-43eb-9d4c-0e375273ba99,2025-10-08 18:02:52.04969+00,2025-10-08 18:02:52.04969+00,utility-wall-60,Wall Cabinet Utility 60cm,cabinet,60.00,40.00,60.00,#F5F5F5,utility-storage,"[""utility""]",Square,Utility wall cabinet 60cm,1.0.0,false,null,null,{},[],floor,true,front,0.00,null,{},{}
be62011c-217d-44f6-bb5b-61f68711eedd,2025-10-08 18:02:52.04969+00,2025-10-08 18:02:52.04969+00,utility-wall-80,Wall Cabinet Utility 80cm,cabinet,80.00,40.00,60.00,#F5F5F5,utility-storage,"[""utility""]",Square,Utility wall cabinet 80cm,1.0.0,false,null,null,{},[],floor,true,front,0.00,null,{},{}
dcb817e0-6755-4a2e-827d-29bf82639420,2025-10-08 18:02:52.04969+00,2025-10-08 18:02:52.04969+00,utility-base-60,Base Cabinet Utility 60cm,cabinet,60.00,60.00,90.00,#F5F5F5,utility-storage,"[""utility""]",Square,Utility base cabinet 60cm,1.0.0,false,null,null,{},[],floor,true,front,0.00,null,{},{}
51e79c31-1511-4978-a325-b7e47c83ca23,2025-10-08 18:02:52.04969+00,2025-10-08 18:02:52.04969+00,utility-base-80,Base Cabinet Utility 80cm,cabinet,80.00,60.00,90.00,#F5F5F5,utility-storage,"[""utility""]",Square,Utility base cabinet 80cm,1.0.0,false,null,null,{},[],floor,true,front,0.00,null,{},{}
9e5e51f6-a314-4142-8c5e-e071559ff4ae,2025-10-08 18:02:52.04969+00,2025-10-08 18:02:52.04969+00,door-single-70,Single Door 70cm,door,70.00,5.00,200.00,#FFFFFF,doors-internal,"[""kitchen"",""bedroom"",""bathroom"",""living-room"",""dining-room"",""office"",""utility""]",Square,Internal single door 70cm,1.0.0,false,null,null,{},[],floor,true,front,0.00,null,{},{}
523ab121-7585-41d9-91da-23b2d3d24081,2025-10-08 18:02:52.04969+00,2025-10-08 18:02:52.04969+00,door-single-80,Single Door 80cm,door,80.00,5.00,200.00,#FFFFFF,doors-internal,"[""kitchen"",""bedroom"",""bathroom"",""living-room"",""dining-room"",""office"",""utility""]",Square,Internal single door 80cm,1.0.0,false,null,null,{},[],floor,true,front,0.00,null,{},{}
01e015de-2fd4-4853-828d-84e8223e6ccb,2025-10-08 18:02:52.04969+00,2025-10-08 18:02:52.04969+00,door-single-90,Single Door 90cm,door,90.00,5.00,200.00,#FFFFFF,doors-internal,"[""kitchen"",""bedroom"",""bathroom"",""living-room"",""dining-room"",""office"",""utility""]",Square,Internal single door 90cm,1.0.0,false,null,null,{},[],floor,true,front,0.00,null,{},{}
0db67d60-0331-465f-a9a6-bf48c8779cde,2025-10-08 18:02:52.04969+00,2025-10-08 18:02:52.04969+00,door-double-120,Double Door 120cm,door,120.00,5.00,200.00,#FFFFFF,doors-internal,"[""kitchen"",""bedroom"",""bathroom"",""living-room"",""dining-room"",""office"",""utility""]",Square,Internal double door 120cm,1.0.0,false,null,null,{},[],floor,true,front,0.00,null,{},{}
5caa36e2-d9d8-4e47-9d26-52aa082a6df1,2025-10-08 18:02:52.04969+00,2025-10-08 18:02:52.04969+00,door-double-140,Double Door 140cm,door,140.00,5.00,200.00,#FFFFFF,doors-internal,"[""kitchen"",""bedroom"",""bathroom"",""living-room"",""dining-room"",""office"",""utility""]",Square,Internal double door 140cm,1.0.0,false,null,null,{},[],floor,true,front,0.00,null,{},{}
2ff523ff-2ede-4894-8198-d76b49627122,2025-10-08 18:02:52.04969+00,2025-10-08 18:02:52.04969+00,door-sliding-single-80,Sliding Door Single 80cm,door,80.00,5.00,200.00,#FFFFFF,doors-internal,"[""kitchen"",""bedroom"",""bathroom"",""living-room"",""dining-room"",""office"",""utility""]",Square,Single sliding door,1.0.0,false,null,null,{},[],floor,true,front,0.00,null,{},{}
e741cbef-b4c8-419b-9c1e-8f05aa5872b7,2025-10-08 17:51:21.512379+00,2025-10-08 17:51:56.815242+00,cornice-120,Cornice 120cm,cornice,120.00,10.00,10.00,#FFFFFF,finishing,"[""kitchen""]",Square,Decorative cornice 120cm,1.0.0,false,null,null,{},[],floor,true,front,0.00,null,{},{}
13889838-09db-4911-a8d6-f8698b32a924,2025-10-08 17:51:21.512379+00,2025-10-08 17:51:56.815242+00,pelmet-60,Pelmet 60cm,pelmet,60.00,10.00,10.00,#FFFFFF,finishing,"[""kitchen""]",Square,Decorative pelmet 60cm,1.0.0,false,null,null,{},[],floor,true,front,0.00,null,{},{}
602f4ade-f3f0-4f05-89e6-ca301cb95a10,2025-10-08 17:51:21.512379+00,2025-10-08 17:51:56.815242+00,pelmet-80,Pelmet 80cm,pelmet,80.00,10.00,10.00,#FFFFFF,finishing,"[""kitchen""]",Square,Decorative pelmet 80cm,1.0.0,false,null,null,{},[],floor,true,front,0.00,null,{},{}
59033584-94c5-4ec4-946c-5396e67a0b0f,2025-10-08 17:51:21.512379+00,2025-10-08 17:51:56.815242+00,pelmet-100,Pelmet 100cm,pelmet,100.00,10.00,10.00,#FFFFFF,finishing,"[""kitchen""]",Square,Decorative pelmet 100cm,1.0.0,false,null,null,{},[],floor,true,front,0.00,null,{},{}
dfe86a58-8a2d-4399-9820-6c8feca1041e,2025-10-08 17:51:21.512379+00,2025-10-08 17:51:56.815242+00,pelmet-120,Pelmet 120cm,pelmet,120.00,10.00,10.00,#FFFFFF,finishing,"[""kitchen""]",Square,Decorative pelmet 120cm,1.0.0,false,null,null,{},[],floor,true,front,0.00,null,{},{}
7e43fadd-c942-4353-89d3-4aab1b92efe3,2025-10-08 17:51:21.512379+00,2025-10-08 17:51:56.815242+00,end-panel-base,End Panel Base,end-panel,60.00,2.00,90.00,#F5F5F5,finishing,"[""kitchen""]",Square,End panel for base units,1.0.0,false,null,null,{},[],floor,true,front,0.00,null,{},{}
a061ad50-8dda-4baa-b6c6-d3cdcf74aa2d,2025-10-08 17:51:21.512379+00,2025-10-08 17:51:56.815242+00,end-panel-wall,End Panel Wall,end-panel,40.00,2.00,60.00,#F5F5F5,finishing,"[""kitchen""]",Square,End panel for wall units,1.0.0,false,null,null,{},[],floor,true,front,0.00,null,{},{}
555e4a01-7d64-432b-aeb1-0a0ca6ad6be5,2025-10-08 17:51:21.512379+00,2025-10-08 17:51:56.815242+00,end-panel-tall,End Panel Tall,end-panel,60.00,2.00,200.00,#F5F5F5,finishing,"[""kitchen""]",Square,End panel for tall units,1.0.0,false,null,null,{},[],floor,true,front,0.00,null,{},{}
4f89c04c-085b-4fe2-a9b8-46b08a014945,2025-10-08 18:02:52.04969+00,2025-10-08 18:02:52.04969+00,door-sliding-double-160,Sliding Door Double 160cm,door,160.00,5.00,200.00,#FFFFFF,doors-internal,"[""kitchen"",""bedroom"",""bathroom"",""living-room"",""dining-room"",""office"",""utility""]",Square,Double sliding door,1.0.0,false,null,null,{},[],floor,true,front,0.00,null,{},{}
9fb7a0e9-50a6-48f1-be31-dacf22c2fbb9,2025-10-08 18:02:52.04969+00,2025-10-08 18:02:52.04969+00,door-bifold-80,Bi-Fold Door 80cm,door,80.00,5.00,200.00,#FFFFFF,doors-internal,"[""kitchen"",""bedroom"",""bathroom"",""living-room"",""dining-room"",""office"",""utility""]",Square,Bi-fold door,1.0.0,false,null,null,{},[],floor,true,front,0.00,null,{},{}
26ad8ff4-c51b-4841-8e1c-5b1c76cb8e7b,2025-10-08 18:02:52.04969+00,2025-10-08 18:02:52.04969+00,door-front-90,Front Door 90cm,door,90.00,8.00,210.00,#8B4513,doors-external,"[""kitchen"",""bedroom"",""bathroom"",""living-room"",""dining-room"",""office"",""utility""]",Square,External front door,1.0.0,false,null,null,{},[],floor,true,front,0.00,null,{},{}
303b277e-e9de-4a7a-8df9-bcfaa79473da,2025-10-08 18:02:52.04969+00,2025-10-08 18:02:52.04969+00,door-french-180,French Doors 180cm,door,180.00,8.00,210.00,#FFFFFF,doors-external,"[""kitchen"",""bedroom"",""bathroom"",""living-room"",""dining-room"",""office"",""utility""]",Square,French doors with glass,1.0.0,false,null,null,{},[],floor,true,front,0.00,null,{},{}
9be13a1a-cb6b-48f4-90c2-bef9c9ab6992,2025-10-08 18:02:52.04969+00,2025-10-08 18:02:52.04969+00,door-patio-single-90,Patio Door Single 90cm,door,90.00,8.00,210.00,#E6E6FA,doors-external,"[""kitchen"",""bedroom"",""bathroom"",""living-room"",""dining-room"",""office"",""utility""]",Square,Single patio sliding door,1.0.0,false,null,null,{},[],floor,true,front,0.00,null,{},{}
89a81477-7ad6-44ee-ad6a-28911e7df714,2025-10-08 18:02:52.04969+00,2025-10-08 18:02:52.04969+00,door-patio-double-180,Patio Door Double 180cm,door,180.00,8.00,210.00,#E6E6FA,doors-external,"[""kitchen"",""bedroom"",""bathroom"",""living-room"",""dining-room"",""office"",""utility""]",Square,Double patio sliding door,1.0.0,false,null,null,{},[],floor,true,front,0.00,null,{},{}
41df7277-2827-4687-9f62-5c980b7d3672,2025-10-08 18:02:52.04969+00,2025-10-08 18:02:52.04969+00,window-single-60,Window Single 60cm,window,60.00,12.00,120.00,#E6E6FA,windows,"[""kitchen"",""bedroom"",""bathroom"",""living-room"",""dining-room"",""office"",""utility""]",Square,Single pane window 60cm,1.0.0,false,null,null,{},[],floor,true,front,0.00,null,{},{}
892af098-59c0-4aa0-bdcb-4e248fbad709,2025-10-08 18:02:52.04969+00,2025-10-08 18:02:52.04969+00,window-single-80,Window Single 80cm,window,80.00,12.00,120.00,#E6E6FA,windows,"[""kitchen"",""bedroom"",""bathroom"",""living-room"",""dining-room"",""office"",""utility""]",Square,Single pane window 80cm,1.0.0,false,null,null,{},[],floor,true,front,0.00,null,{},{}
b688cc36-ef1b-4cd4-bab6-beb62259752f,2025-10-08 18:02:52.04969+00,2025-10-08 18:02:52.04969+00,window-single-100,Window Single 100cm,window,100.00,12.00,120.00,#E6E6FA,windows,"[""kitchen"",""bedroom"",""bathroom"",""living-room"",""dining-room"",""office"",""utility""]",Square,Single pane window 100cm,1.0.0,false,null,null,{},[],floor,true,front,0.00,null,{},{}
4dd4129e-335c-4128-9a0c-c392ee83bfb5,2025-10-08 18:02:52.04969+00,2025-10-08 18:02:52.04969+00,window-double-120,Window Double 120cm,window,120.00,12.00,120.00,#E6E6FA,windows,"[""kitchen"",""bedroom"",""bathroom"",""living-room"",""dining-room"",""office"",""utility""]",Square,Double pane window 120cm,1.0.0,false,null,null,{},[],floor,true,front,0.00,null,{},{}
a5c24b4a-677f-4cd8-a515-8f30ef1777cd,2025-10-08 18:02:52.04969+00,2025-10-08 18:02:52.04969+00,window-double-150,Window Double 150cm,window,150.00,12.00,140.00,#E6E6FA,windows,"[""kitchen"",""bedroom"",""bathroom"",""living-room"",""dining-room"",""office"",""utility""]",Square,Double pane window 150cm,1.0.0,false,null,null,{},[],floor,true,front,0.00,null,{},{}
ca5417c9-33bc-4d2b-ab90-a65f05c46887,2025-10-08 18:02:52.04969+00,2025-10-08 18:02:52.04969+00,window-bay-240,Window Bay 240cm,window,240.00,60.00,150.00,#E6E6FA,windows,"[""kitchen"",""bedroom"",""bathroom"",""living-room"",""dining-room"",""office"",""utility""]",Square,Bay window with angled sides,1.0.0,false,null,null,{},[],floor,true,front,0.00,null,{},{}
12e2861d-16b4-4cfe-b2b1-fe6e4c28b705,2025-10-08 18:02:52.04969+00,2025-10-08 18:02:52.04969+00,skylight-80x120,Skylight 80x120cm,window,80.00,120.00,10.00,#E6E6FA,windows,"[""kitchen"",""bedroom"",""bathroom"",""living-room"",""dining-room"",""office"",""utility""]",Square,Roof skylight window,1.0.0,false,null,null,{},[],floor,true,front,0.00,null,{},{}
895d5ded-1a07-4f81-ad4f-8b932ab24e36,2025-10-08 17:51:21.512379+00,2025-10-08 17:51:56.815242+00,l-shaped-test-cabinet-60,Corner Base Cabinet 60cm,cabinet,60.00,60.00,90.00,#F5F5F5,base-cabinets,"[""kitchen""]",Square,L-shaped corner base cabinet with 60cm legs,1.0.0,false,null,null,{},[],floor,true,front,0.00,null,{},{}
20e2b58f-c52d-437d-8645-19e034546458,2025-10-08 17:51:21.512379+00,2025-10-08 17:51:56.815242+00,l-shaped-test-cabinet-90,Corner Base Cabinet 90cm,cabinet,90.00,90.00,90.00,#F5F5F5,base-cabinets,"[""kitchen""]",Square,L-shaped corner base cabinet with 90cm legs,1.0.0,false,null,null,{},[],floor,true,front,0.00,null,{},{}
7d5ea684-a43e-4dba-a27c-b28034e0faf8,2025-10-08 17:51:21.512379+00,2025-10-08 17:51:56.815242+00,new-corner-wall-cabinet-60,Corner Wall Cabinet 60cm,cabinet,60.00,40.00,70.00,#F5F5F5,wall-cabinets,"[""kitchen""]",Square,L-shaped corner wall cabinet with 60cm legs,1.0.0,false,null,null,{},[],floor,true,front,0.00,null,{},{}
0040a10c-f947-4117-88a2-73e989729c0d,2025-10-08 17:51:21.512379+00,2025-10-08 17:51:56.815242+00,new-corner-wall-cabinet-90,Corner Wall Cabinet 90cm,cabinet,90.00,40.00,70.00,#F5F5F5,wall-cabinets,"[""kitchen""]",Square,L-shaped corner wall cabinet with 90cm legs,1.0.0,false,null,null,{},[],floor,true,front,0.00,null,{},{}
6d36b436-547a-431f-abf5-9fec31b73b6d,2025-10-08 17:51:21.512379+00,2025-10-08 17:51:56.815242+00,larder-corner-unit-60,Tall Corner Larder 60cm,cabinet,60.00,60.00,200.00,#F5F5F5,kitchen-larder,"[""kitchen""]",Square,L-shaped tall corner larder unit with 60cm legs,1.0.0,false,null,null,{},[],floor,true,front,0.00,null,{},{}
d487d692-5e79-4d63-912b-7040cb063acb,2025-10-08 17:51:21.512379+00,2025-10-08 17:51:56.815242+00,larder-corner-unit-90,Tall Corner Larder 90cm,cabinet,90.00,90.00,200.00,#F5F5F5,kitchen-larder,"[""kitchen""]",Square,L-shaped tall corner larder unit with 90cm legs,1.0.0,false,null,null,{},[],floor,true,front,0.00,null,{},{}
9c248189-6ff6-41a3-99a1-1f0d18b459bf,2025-10-08 17:51:21.512379+00,2025-10-08 17:51:56.815242+00,base-cabinet-30,Base Cabinet 30cm,cabinet,30.00,60.00,90.00,#F5F5F5,base-cabinets,"[""kitchen""]",Square,Narrow 30cm base cabinet,1.0.0,false,null,null,{},[],floor,true,front,0.00,null,{},{}
63d2aea6-2d5c-47fb-8dae-767cf29f0431,2025-10-08 17:51:21.512379+00,2025-10-08 17:51:56.815242+00,base-cabinet-40,Base Cabinet 40cm,cabinet,40.00,60.00,90.00,#F5F5F5,base-cabinets,"[""kitchen""]",Square,Compact 40cm base cabinet,1.0.0,false,null,null,{},[],floor,true,front,0.00,null,{},{}
201731d4-f41b-40ee-a172-f01286019739,2025-10-08 17:51:21.512379+00,2025-10-08 17:51:56.815242+00,base-cabinet-50,Base Cabinet 50cm,cabinet,50.00,60.00,90.00,#F5F5F5,base-cabinets,"[""kitchen""]",Square,Medium 50cm base cabinet,1.0.0,false,null,null,{},[],floor,true,front,0.00,null,{},{}
38f67bfe-95e6-4751-b803-c2f8b1f54a1e,2025-10-08 17:51:21.512379+00,2025-10-08 17:51:56.815242+00,base-cabinet-80,Base Cabinet 80cm,cabinet,80.00,60.00,90.00,#F5F5F5,base-cabinets,"[""kitchen""]",Square,Wide 80cm base cabinet,1.0.0,false,null,null,{},[],floor,true,front,0.00,null,{},{}
70495712-2746-492d-8026-bb593ea9e82a,2025-10-08 17:51:21.512379+00,2025-10-08 17:51:56.815242+00,base-cabinet-100,Base Cabinet 100cm,cabinet,100.00,60.00,90.00,#F5F5F5,base-cabinets,"[""kitchen""]",Square,Extra wide 100cm base cabinet,1.0.0,false,null,null,{},[],floor,true,front,0.00,null,{},{}
e22b23b7-88eb-464f-8ec8-6c96a12bdab9,2025-10-08 17:51:21.512379+00,2025-10-08 17:51:56.815242+00,wall-cabinet-30,Wall Cabinet 30cm,cabinet,30.00,40.00,60.00,#F5F5F5,wall-cabinets,"[""kitchen""]",Square,Narrow 30cm wall cabinet,1.0.0,false,null,null,{},[],floor,true,front,0.00,null,{},{}
7c9cebe3-4e7e-4adc-87b1-ec5b18409a29,2025-10-08 17:51:21.512379+00,2025-10-08 17:51:56.815242+00,wall-cabinet-40,Wall Cabinet 40cm,cabinet,40.00,40.00,60.00,#F5F5F5,wall-cabinets,"[""kitchen""]",Square,Compact 40cm wall cabinet,1.0.0,false,null,null,{},[],floor,true,front,0.00,null,{},{}
0985a4f2-03ce-4eeb-a4dd-70edd99645cc,2025-10-08 17:51:21.512379+00,2025-10-08 17:51:56.815242+00,wall-cabinet-50,Wall Cabinet 50cm,cabinet,50.00,40.00,60.00,#F5F5F5,wall-cabinets,"[""kitchen""]",Square,Medium 50cm wall cabinet,1.0.0,false,null,null,{},[],floor,true,front,0.00,null,{},{}
0f1f52c3-6b71-4fde-9a5c-2c72b59a094c,2025-10-08 17:51:21.512379+00,2025-10-08 17:51:56.815242+00,wall-cabinet-80,Wall Cabinet 80cm,cabinet,80.00,40.00,60.00,#F5F5F5,wall-cabinets,"[""kitchen""]",Square,Wide 80cm wall cabinet,1.0.0,false,null,null,{},[],floor,true,front,0.00,null,{},{}
f8453170-1148-402f-901c-0ad20c25983d,2025-10-08 17:51:21.512379+00,2025-10-08 17:51:56.815242+00,tall-unit-60,Tall Unit 60cm,cabinet,60.00,60.00,200.00,#F5F5F5,kitchen-larder,"[""kitchen""]",Square,Full height 60cm larder unit,1.0.0,false,null,null,{},[],floor,true,front,0.00,null,{},{}
e2217cd4-b1b4-4d7d-bfaa-95b7bce3497e,2025-10-08 17:51:21.512379+00,2025-10-08 17:51:56.815242+00,tall-unit-80,Tall Unit 80cm,cabinet,80.00,60.00,200.00,#F5F5F5,kitchen-larder,"[""kitchen""]",Square,Full height 80cm larder unit,1.0.0,false,null,null,{},[],floor,true,front,0.00,null,{},{}
e59209b0-104c-4f46-bf36-6ab183af75c0,2025-10-08 17:51:21.512379+00,2025-10-08 17:51:56.815242+00,oven-housing-60,Oven Housing 60cm,cabinet,60.00,60.00,200.00,#F5F5F5,kitchen-larder,"[""kitchen""]",Square,Tall oven housing unit,1.0.0,false,null,null,{},[],floor,true,front,0.00,null,{},{}
620b9528-5602-4240-b237-afe3400c6421,2025-10-08 17:51:21.512379+00,2025-10-08 17:51:56.815242+00,larder-built-in-fridge,Larder Built-in Fridge,appliance,60.00,60.00,200.00,#FFFFFF,appliances,"[""kitchen""]",Square,Tall larder with integrated fridge,1.0.0,false,null,null,{},[],floor,true,front,0.00,null,{},{}
67ac6743-15b0-4a6c-ba27-ccbf76b2924d,2025-10-08 17:51:21.512379+00,2025-10-08 17:51:56.815242+00,larder-single-oven,Larder Single Oven,appliance,60.00,60.00,200.00,#2c2c2c,appliances,"[""kitchen""]",Square,Tall larder with single oven,1.0.0,false,null,null,{},[],floor,true,front,0.00,null,{},{}
a1c9d9db-a264-49c3-8e74-3af4e2049c3c,2025-10-08 17:51:21.512379+00,2025-10-08 17:51:56.815242+00,larder-double-oven,Larder Double Oven,appliance,60.00,60.00,200.00,#2c2c2c,appliances,"[""kitchen""]",Square,Tall larder with double oven,1.0.0,false,null,null,{},[],floor,true,front,0.00,null,{},{}
1af4844d-6554-46bf-a5b5-71f6a14a542c,2025-10-08 17:51:21.512379+00,2025-10-08 17:51:56.815242+00,larder-oven-microwave,Larder Oven + Microwave,appliance,60.00,60.00,200.00,#2c2c2c,appliances,"[""kitchen""]",Square,Tall larder with oven and microwave,1.0.0,false,null,null,{},[],floor,true,front,0.00,null,{},{}
1248422d-f559-465a-9a58-8b69a70762ac,2025-10-08 17:51:21.512379+00,2025-10-08 17:51:56.815242+00,larder-coffee-machine,Larder Coffee Machine,appliance,60.00,60.00,200.00,#2c2c2c,appliances,"[""kitchen""]",Square,Tall larder with built-in coffee machine,1.0.0,false,null,null,{},[],floor,true,front,0.00,null,{},{}
d642758b-3871-498a-be88-e05234299420,2025-10-08 17:51:21.512379+00,2025-10-08 17:51:56.815242+00,oven-60,Oven 60cm,appliance,60.00,60.00,60.00,#2c2c2c,appliances,"[""kitchen""]",Square,Built-in oven 60cm,1.0.0,false,null,null,{},[],floor,true,front,0.00,null,{},{}
44210339-9504-432a-bf1a-ff47cd7e3021,2025-10-08 17:51:21.512379+00,2025-10-08 17:51:56.815242+00,dishwasher-60,Dishwasher 60cm,appliance,60.00,60.00,85.00,#E0E0E0,appliances,"[""kitchen""]",Square,Integrated dishwasher 60cm,1.0.0,false,null,null,{},[],floor,true,front,0.00,null,{},{}
eac98f6f-26b5-4e62-b8d2-be407f4e1b91,2025-10-08 17:51:21.512379+00,2025-10-08 17:51:56.815242+00,fridge-60,Fridge 60cm,appliance,60.00,60.00,180.00,#FFFFFF,appliances,"[""kitchen""]",Square,Freestanding fridge 60cm,1.0.0,false,null,null,{},[],floor,true,front,0.00,null,{},{}
69f64a41-92af-4a76-a40b-8388e767e5e4,2025-10-08 17:51:21.512379+00,2025-10-08 17:51:56.815242+00,fridge-90,Fridge 90cm,appliance,90.00,60.00,180.00,#FFFFFF,appliances,"[""kitchen""]",Square,American style fridge 90cm,1.0.0,false,null,null,{},[],floor,true,front,0.00,null,{},{}
e0e25945-5abc-4c6d-af13-457baf07ed73,2025-10-08 17:51:21.512379+00,2025-10-08 17:51:56.815242+00,sink-60,Sink 60cm,sink,60.00,50.00,20.00,#C0C0C0,sinks,"[""kitchen""]",Circle,Single bowl sink 60cm,1.0.0,false,null,null,{},[],floor,true,front,0.00,null,{},{}
e2dbe065-93a1-46d0-b28e-aca4975ac9fc,2025-10-08 17:51:21.512379+00,2025-10-08 17:51:56.815242+00,sink-80,Sink 80cm,sink,80.00,50.00,20.00,#C0C0C0,sinks,"[""kitchen""]",Circle,Double bowl sink 80cm,1.0.0,false,null,null,{},[],floor,true,front,0.00,null,{},{}
c1333d28-48f2-4c16-84ae-c3de8724e997,2025-10-08 17:51:21.512379+00,2025-10-08 17:51:56.815242+00,sink-100,Sink 100cm,sink,100.00,50.00,20.00,#C0C0C0,sinks,"[""kitchen""]",Circle,Large double bowl sink 100cm,1.0.0,false,null,null,{},[],floor,true,front,0.00,null,{},{}
cffcd6d5-10cd-4090-af1d-4be47cd5b220,2025-10-08 17:51:21.512379+00,2025-10-08 17:51:56.815242+00,kitchen-sink-corner-90,Kitchen Sink Corner 90cm,sink,90.00,50.00,20.00,#C0C0C0,sinks,"[""kitchen""]",Square,L-shaped corner sink 90cm,1.0.0,false,null,null,{},[],floor,true,front,0.00,null,{},{}
aa32b208-48e1-49ff-bd1e-69b1994cb51a,2025-10-08 17:51:21.512379+00,2025-10-08 17:51:56.815242+00,kitchen-sink-farmhouse-60,Kitchen Sink Farmhouse 60cm,sink,60.00,55.00,25.00,#FFFFFF,sinks,"[""kitchen""]",Circle,Farmhouse sink with apron front 60cm,1.0.0,false,null,null,{},[],floor,true,front,0.00,null,{},{}
d1e57491-9965-4890-93ad-3719587c5a6c,2025-10-08 17:51:21.512379+00,2025-10-08 17:51:56.815242+00,kitchen-sink-farmhouse-80,Kitchen Sink Farmhouse 80cm,sink,80.00,55.00,25.00,#FFFFFF,sinks,"[""kitchen""]",Circle,Farmhouse sink with apron front 80cm,1.0.0,false,null,null,{},[],floor,true,front,0.00,null,{},{}
8ab7b5ed-7f0a-415b-83e6-162f4ad796a1,2025-10-08 17:51:21.512379+00,2025-10-08 17:51:56.815242+00,kitchen-sink-undermount-60,Kitchen Sink Undermount 60cm,sink,60.00,50.00,18.00,#C0C0C0,sinks,"[""kitchen""]",Circle,Undermount sink 60cm,1.0.0,false,null,null,{},[],floor,true,front,0.00,null,{},{}
d3613f85-7801-43a6-8dc7-e3ffc7135a9e,2025-10-08 17:51:21.512379+00,2025-10-08 17:51:56.815242+00,kitchen-sink-undermount-80,Kitchen Sink Undermount 80cm,sink,80.00,50.00,18.00,#C0C0C0,sinks,"[""kitchen""]",Circle,Undermount sink 80cm,1.0.0,false,null,null,{},[],floor,true,front,0.00,null,{},{}
e30cee85-8bd5-4a13-93f3-7edc7dada03e,2025-10-08 17:51:21.512379+00,2025-10-08 17:51:56.815242+00,kitchen-sink-island-100,Kitchen Sink Island 100cm,sink,100.00,50.00,20.00,#C0C0C0,sinks,"[""kitchen""]",Circle,Island sink 100cm,1.0.0,false,null,null,{},[],floor,true,front,0.00,null,{},{}
767bb2a3-21a3-4bbd-96fb-1488b1dfe65b,2025-10-08 17:51:21.512379+00,2025-10-08 17:51:56.815242+00,kitchen-sink-granite-80,Kitchen Sink Granite 80cm,sink,80.00,50.00,20.00,#2F4F4F,sinks,"[""kitchen""]",Circle,Black granite composite sink 80cm,1.0.0,false,null,null,{},[],floor,true,front,0.00,null,{},{}
3e2e4ad5-8d24-492e-a376-fc8574ef76c5,2025-10-08 17:51:21.512379+00,2025-10-08 17:51:56.815242+00,kitchen-sink-copper-60,Kitchen Sink Copper 60cm,sink,60.00,50.00,20.00,#B87333,sinks,"[""kitchen""]",Circle,Hand-hammered copper sink 60cm,1.0.0,false,null,null,{},[],floor,true,front,0.00,null,{},{}
aef63685-f6b6-4b81-a01a-2b575639ddd6,2025-10-08 17:51:21.512379+00,2025-10-08 17:51:56.815242+00,kitchen-sink-quartz-80,Kitchen Sink Quartz 80cm,sink,80.00,50.00,20.00,#F8F8F8,sinks,"[""kitchen""]",Circle,White quartz composite sink 80cm,1.0.0,false,null,null,{},[],floor,true,front,0.00,null,{},{}
5f2c4381-6f62-4ea2-9edf-3a256580e6ec,2025-10-08 17:51:21.512379+00,2025-10-08 17:51:56.815242+00,butler-sink-60,Butler Sink 60cm,sink,60.00,50.00,25.00,#FFFFFF,sinks,"[""kitchen""]",Circle,White ceramic butler sink 60cm,1.0.0,false,null,null,{},[],floor,true,front,0.00,null,{},{}
71f3488f-c6a0-47e4-8a5c-121f18c51f9e,2025-10-08 17:51:21.512379+00,2025-10-08 17:51:56.815242+00,butler-sink-80,Butler Sink 80cm,sink,80.00,50.00,25.00,#FFFFFF,sinks,"[""kitchen""]",Circle,White ceramic butler sink 80cm,1.0.0,false,null,null,{},[],floor,true,front,0.00,null,{},{}
3c4a4146-bf74-4756-8da0-cbd07fa9123c,2025-10-08 17:51:21.512379+00,2025-10-08 17:51:56.815242+00,butler-sink-corner-90,Butler Sink Corner 90cm,sink,90.00,50.00,25.00,#FFFFFF,sinks,"[""kitchen""]",Square,L-shaped corner butler sink 90cm,1.0.0,false,null,null,{},[],floor,true,front,0.00,null,{},{}
c634ec57-5a10-4de9-8bcc-aaa98ad512c5,2025-10-08 17:51:21.512379+00,2025-10-08 17:51:56.815242+00,butler-sink-deep-60,Butler Sink Deep 60cm,sink,60.00,50.00,30.00,#FFFFFF,sinks,"[""kitchen""]",Circle,Extra deep butler sink 60cm,1.0.0,false,null,null,{},[],floor,true,front,0.00,null,{},{}
c0601ebb-0356-4da2-b2c9-d29ba0d49157,2025-10-08 17:51:21.512379+00,2025-10-08 17:51:56.815242+00,butler-sink-shallow-60,Butler Sink Shallow 60cm,sink,60.00,50.00,18.00,#FFFFFF,sinks,"[""kitchen""]",Circle,Shallow butler sink for prep work 60cm,1.0.0,false,null,null,{},[],floor,true,front,0.00,null,{},{}
d8f7b300-f1d4-4c8f-90e2-08db21c1abb6,2025-10-08 17:51:21.512379+00,2025-10-08 17:51:56.815242+00,kitchen-sink-draining-board-80,Kitchen Sink + Draining Board 80cm,sink,80.00,50.00,20.00,#C0C0C0,sinks,"[""kitchen""]",Circle,Kitchen sink with draining board 80cm,1.0.0,false,null,null,{},[],floor,true,front,0.00,null,{},{}
4bc790b6-7b3e-4dee-a904-4862fc8360b7,2025-10-08 17:51:21.512379+00,2025-10-08 17:51:56.815242+00,kitchen-sink-draining-board-100,Kitchen Sink + Draining Board 100cm,sink,100.00,50.00,20.00,#C0C0C0,sinks,"[""kitchen""]",Circle,Kitchen sink with draining board 100cm,1.0.0,false,null,null,{},[],floor,true,front,0.00,null,{},{}
b0b9a72e-4ba3-47ca-b820-74ba39ce07b9,2025-10-08 17:51:21.512379+00,2025-10-08 17:51:56.815242+00,butler-sink-draining-board-80,Butler Sink + Draining Board 80cm,sink,80.00,50.00,25.00,#FFFFFF,sinks,"[""kitchen""]",Circle,Butler sink with draining board 80cm,1.0.0,false,null,null,{},[],floor,true,front,0.00,null,{},{}
2b127629-1ea2-4acc-b127-dfe42dd06a89,2025-10-08 17:51:21.512379+00,2025-10-08 17:51:56.815242+00,counter-top-60,Counter-top 60cm,counter-top,60.00,60.00,4.00,#8B7355,counter-tops,"[""kitchen""]",Square,Standard counter-top 60cm,1.0.0,false,null,null,{},[],floor,true,front,0.00,null,{},{}
5a419955-6979-457a-9f25-c551855a7337,2025-10-08 17:51:21.512379+00,2025-10-08 17:51:56.815242+00,counter-top-80,Counter-top 80cm,counter-top,80.00,60.00,4.00,#8B7355,counter-tops,"[""kitchen""]",Square,Counter-top 80cm,1.0.0,false,null,null,{},[],floor,true,front,0.00,null,{},{}
956b2d61-74de-4394-96ea-aa12c5e2fecc,2025-10-08 17:51:21.512379+00,2025-10-08 17:51:56.815242+00,counter-top-100,Counter-top 100cm,counter-top,100.00,60.00,4.00,#8B7355,counter-tops,"[""kitchen""]",Square,Counter-top 100cm,1.0.0,false,null,null,{},[],floor,true,front,0.00,null,{},{}
84e2a689-ed02-4ca9-b030-6bb4c7277176,2025-10-08 17:51:21.512379+00,2025-10-08 17:51:56.815242+00,counter-top-120,Counter-top 120cm,counter-top,120.00,60.00,4.00,#8B7355,counter-tops,"[""kitchen""]",Square,Counter-top 120cm,1.0.0,false,null,null,{},[],floor,true,front,0.00,null,{},{}
6f347901-6e80-4ade-ab91-228c00342c9a,2025-10-08 17:51:21.512379+00,2025-10-08 17:51:56.815242+00,pan-drawers-30,Pan Drawers 30cm,cabinet,30.00,60.00,90.00,#F5F5F5,base-cabinets,"[""kitchen""]",Square,Narrow 30cm pan drawer unit,1.0.0,false,null,null,{},[],floor,true,front,0.00,null,{},{}
24187dc3-f06e-469e-b816-df9d4700c0ec,2025-10-08 17:51:21.512379+00,2025-10-08 17:51:56.815242+00,pan-drawers-40,Pan Drawers 40cm,cabinet,40.00,60.00,90.00,#F5F5F5,base-cabinets,"[""kitchen""]",Square,Compact 40cm pan drawer unit,1.0.0,false,null,null,{},[],floor,true,front,0.00,null,{},{}
cbb999eb-b5ce-4ac2-8c0f-927766cbb61d,2025-10-08 17:51:21.512379+00,2025-10-08 17:51:56.815242+00,pan-drawers-50,Pan Drawers 50cm,cabinet,50.00,60.00,90.00,#F5F5F5,base-cabinets,"[""kitchen""]",Square,Medium 50cm pan drawer unit,1.0.0,false,null,null,{},[],floor,true,front,0.00,null,{},{}
695f0901-0b70-475e-89bc-d2c33d1a5650,2025-10-08 17:51:21.512379+00,2025-10-08 17:51:56.815242+00,pan-drawers-60,Pan Drawers 60cm,cabinet,60.00,60.00,90.00,#F5F5F5,base-cabinets,"[""kitchen""]",Square,Standard 60cm pan drawer unit,1.0.0,false,null,null,{},[],floor,true,front,0.00,null,{},{}
a51f5cb0-dedc-408e-9e5d-8ff7f14cce01,2025-10-08 17:51:21.512379+00,2025-10-08 17:51:56.815242+00,pan-drawers-80,Pan Drawers 80cm,cabinet,80.00,60.00,90.00,#F5F5F5,base-cabinets,"[""kitchen""]",Square,Wide 80cm pan drawer unit,1.0.0,false,null,null,{},[],floor,true,front,0.00,null,{},{}
6aeb7e8a-0c53-4591-a56b-1fc94bb807df,2025-10-08 17:51:21.512379+00,2025-10-08 17:51:56.815242+00,pan-drawers-100,Pan Drawers 100cm,cabinet,100.00,60.00,90.00,#F5F5F5,base-cabinets,"[""kitchen""]",Square,Extra wide 100cm pan drawer unit,1.0.0,false,null,null,{},[],floor,true,front,0.00,null,{},{}
a7eccb6e-f87e-4e2a-9034-b04bca0e5a38,2025-10-08 17:51:21.512379+00,2025-10-08 17:51:56.815242+00,cornice-60,Cornice 60cm,cornice,60.00,10.00,10.00,#FFFFFF,finishing,"[""kitchen""]",Square,Decorative cornice 60cm,1.0.0,false,null,null,{},[],floor,true,front,0.00,null,{},{}
8cd2a4c0-b044-44e7-b3a2-20681a049769,2025-10-08 17:51:21.512379+00,2025-10-08 17:51:56.815242+00,cornice-80,Cornice 80cm,cornice,80.00,10.00,10.00,#FFFFFF,finishing,"[""kitchen""]",Square,Decorative cornice 80cm,1.0.0,false,null,null,{},[],floor,true,front,0.00,null,{},{}
883d1993-3fce-4505-83a9-f682514b3c94,2025-10-08 17:51:21.512379+00,2025-10-08 17:51:56.815242+00,cornice-100,Cornice 100cm,cornice,100.00,10.00,10.00,#FFFFFF,finishing,"[""kitchen""]",Square,Decorative cornice 100cm,1.0.0,false,null,null,{},[],floor,true,front,0.00,null,{},{}